trial,enrollment,phase
NCT05443308,50.0,
NCT06492967,1200.0,
NCT07153848,400.0,
NCT00183378,132.0,
NCT00076440,90.0,PHASE2
NCT03605667,350.0,PHASE2
NCT03250741,94.0,PHASE2
NCT06292351,133.0,PHASE2
NCT01646723,75.0,
NCT01255046,136.0,PHASE2
NCT07089303,750.0,
NCT03721042,68.0,
NCT00912886,90.0,
NCT05309369,10.0,
NCT06761066,60.0,
NCT03510572,20.0,EARLY_PHASE1
NCT06883019,114.0,
NCT04557592,98.0,
NCT05672732,500.0,
NCT03919162,112.0,PHASE2
NCT02746484,30.0,
NCT03444181,136.0,
NCT03838952,20.0,
NCT04055376,15.0,
NCT04783350,20.0,
NCT03487380,86.0,
NCT03363269,116.0,PHASE2
NCT04524351,75.0,PHASE1;PHASE2
NCT00498602,160.0,PHASE2
NCT03033875,261.0,
NCT02986932,6.0,
NCT04886063,423.0,PHASE2;PHASE3
NCT03690193,15.0,
NCT05617014,1500.0,
NCT00462917,290.0,
NCT05995418,9510.0,
NCT03612622,47.0,
NCT00322036,800.0,PHASE3
NCT06057909,90.0,
NCT05473325,2000.0,
NCT03071224,10.0,EARLY_PHASE1
NCT05564169,600.0,PHASE3
NCT05145881,40.0,
NCT06220292,0.0,
NCT04610944,5043.0,
NCT06313944,100.0,
NCT04312399,600.0,
NCT05183321,190.0,
NCT06872658,15.0,
NCT05667935,2000.0,
NCT03038035,150.0,PHASE2
NCT01078168,22.0,PHASE2
NCT05885620,40.0,
NCT06179680,142.0,
NCT02195596,80.0,
NCT06121986,66.0,
NCT01487395,30.0,PHASE1
NCT03144921,272.0,
NCT03290326,17.0,
NCT05599425,40.0,
NCT04559789,200.0,
NCT06081569,300.0,
NCT03810794,180.0,
NCT00860275,30.0,PHASE1
NCT06736509,139.0,PHASE3
NCT06169826,0.0,PHASE4
NCT00299676,61.0,
NCT00366288,56.0,
NCT05400330,10.0,PHASE1
NCT05538507,180.0,PHASE2
NCT06538311,30.0,EARLY_PHASE1
NCT01023685,24.0,PHASE2
NCT03587376,9.0,EARLY_PHASE1
NCT06416137,3000.0,
NCT05971030,3.0,
NCT06607900,120.0,PHASE1
NCT06852352,160.0,
NCT05227820,23.0,PHASE2
NCT06936124,6.0,
NCT04280861,94.0,
NCT05468073,45.0,PHASE2
NCT03901105,205.0,PHASE3
NCT04837937,132.0,
NCT03969732,240.0,PHASE3
NCT01002079,20.0,PHASE1
NCT05537688,53.0,
NCT00291161,994.0,
NCT05794451,4000.0,
NCT06948929,30.0,
NCT01901263,306.0,
NCT06094452,84.0,
NCT06993285,9.0,
NCT02991235,30.0,
NCT03545789,16.0,PHASE1
NCT05218018,30.0,
NCT03417986,20.0,PHASE2
NCT04206670,216.0,
NCT04315337,16.0,
NCT00285077,390.0,PHASE2
NCT03278119,158.0,
NCT04491006,77.0,PHASE2
NCT04942184,0.0,
NCT07094438,98.0,PHASE1
NCT06367426,100.0,PHASE1
NCT05469360,36.0,PHASE1
NCT04786223,100.0,PHASE2
NCT03300180,1822.0,
NCT02351388,4.0,
NCT06079203,19200.0,
NCT04804241,55.0,PHASE2
NCT06033066,44844.0,
NCT01872598,721.0,PHASE3
NCT02843906,180.0,
NCT03053908,25.0,
NCT07117162,30.0,
NCT05004688,15.0,PHASE2
NCT03239561,15.0,EARLY_PHASE1
NCT04322461,14.0,
NCT03919669,27.0,PHASE2
NCT04629495,40.0,PHASE2
NCT05516134,51.0,
NCT04335110,28.0,
NCT04149860,86.0,PHASE1
NCT03322462,155.0,PHASE2
NCT01822951,0.0,PHASE4
NCT04360200,5000.0,
NCT05021211,60.0,
NCT06529744,500.0,
NCT05475158,117.0,
NCT05406778,185.0,
NCT05171725,350.0,
NCT03038282,100.0,
NCT00253188,653.0,PHASE3
NCT06459583,681.0,
NCT03683394,172.0,
NCT04574921,16.0,
NCT00663026,79.0,PHASE2
NCT01315717,912.0,
NCT06855368,300.0,
NCT05806697,240.0,
NCT01268020,5.0,EARLY_PHASE1
NCT05584241,100.0,
NCT02444637,100.0,PHASE4
NCT06092125,2300.0,
NCT03283059,600.0,PHASE3
NCT04294888,40.0,
NCT03522129,3.0,PHASE1
NCT03298672,88.0,PHASE1
NCT03507257,850.0,
NCT00432081,160.0,PHASE3
NCT05143528,1275.0,PHASE3
NCT06728436,288.0,
NCT00385684,11.0,PHASE4
NCT00996918,198.0,PHASE3
NCT05984446,86.0,
NCT06120361,1200.0,
NCT04520412,2046.0,PHASE3
NCT01746498,33.0,
NCT04842955,60.0,
NCT07054385,60.0,
NCT06160908,38.0,
NCT05525780,48.0,PHASE1
NCT00253227,387.0,PHASE3
NCT03901261,200.0,
NCT03551769,20.0,PHASE1
NCT06213766,250.0,
NCT03056495,9.0,PHASE1
NCT04701177,100000.0,
NCT06121544,800.0,
NCT04794634,55.0,
NCT05509387,42.0,
NCT05328115,33.0,PHASE1
NCT03022968,17.0,PHASE2
NCT05673759,200.0,
NCT05642429,48.0,PHASE1
NCT06523296,30.0,
NCT03611439,50.0,
NCT00938665,204.0,
NCT03489044,8.0,PHASE2
NCT00568776,353.0,PHASE2
NCT04512040,30.0,
NCT06702124,348.0,PHASE3
NCT02317523,151.0,
NCT03858283,60.0,
NCT03387267,452.0,
NCT05251649,60.0,
NCT05805215,30.0,
NCT05731440,60.0,
NCT02946710,120.0,
NCT05641480,150.0,
NCT00955409,160.0,PHASE2
NCT06681948,300.0,
NCT05220150,5.0,
NCT04740580,52.0,EARLY_PHASE1
NCT05561205,10.0,
NCT04901494,0.0,
NCT03016702,29.0,
NCT03926702,18.0,EARLY_PHASE1
NCT05806177,20.0,PHASE1
NCT02323334,94.0,PHASE1
NCT00733863,27.0,PHASE2
NCT04040348,6.0,PHASE1
NCT06427668,24.0,PHASE2
NCT03656159,46.0,
NCT06373094,64.0,PHASE1
NCT05108922,148.0,PHASE3
NCT00548145,38.0,
NCT02253732,30.0,
NCT04556097,524.0,
NCT00261573,593.0,PHASE3
NCT04805983,36.0,PHASE1
NCT03538522,126.0,PHASE2
NCT05803122,252.0,
NCT01880151,87.0,
NCT00249145,349.0,PHASE3
NCT03724136,100.0,
NCT05579236,400.0,
NCT02062099,25.0,PHASE1
NCT04686838,30.0,
NCT06435078,40.0,
NCT04696315,800.0,
NCT05557617,120.0,
NCT06669182,100.0,
NCT03698695,152.0,PHASE1
NCT05521477,3.0,
NCT05172687,336460.0,
NCT07016893,37.0,
NCT01796314,170.0,
NCT05691842,66.0,
NCT06511570,28.0,PHASE1
NCT03408041,129.0,
NCT06703541,500.0,
NCT04157712,48.0,PHASE1
NCT04542109,30.0,
NCT03472482,85.0,
NCT04489303,156.0,PHASE2
NCT03008161,83.0,PHASE1
NCT06666075,72.0,
NCT06826157,175.0,
NCT00479219,17.0,PHASE1
NCT04975464,600.0,
NCT04784416,125.0,PHASE2
NCT03822208,54.0,PHASE1
NCT05107882,466.0,
NCT06804837,515.0,
NCT03650816,58.0,
NCT06621758,120.0,
NCT05538455,558.0,
NCT04063124,5.0,PHASE1;PHASE2
NCT05527405,50.0,
NCT05779839,355.0,
NCT05501119,58.0,
NCT06994767,150.0,
NCT05599100,16.0,
NCT03723707,355.0,
NCT06534658,1000.0,
NCT03670615,60.0,
NCT05508841,42.0,
NCT03090854,100.0,
NCT04042922,80.0,
NCT00982202,25.0,PHASE2
NCT05525377,31.0,
NCT03058965,12.0,EARLY_PHASE1
NCT07011732,352.0,PHASE3
NCT03644043,2000.0,
NCT03955380,24.0,PHASE1
NCT02406027,90.0,PHASE2
NCT05007353,1200.0,
NCT04823819,40.0,
NCT06585384,5.0,PHASE1
NCT02129452,40.0,
NCT06597058,103.0,PHASE2
NCT05697380,8.0,
NCT03814603,210.0,
NCT06029894,100.0,
NCT03448601,523.0,
NCT06328374,0.0,
NCT04389437,450.0,
NCT04865172,120.0,
NCT02915939,240.0,
NCT05256121,100.0,
NCT02377206,24.0,EARLY_PHASE1
NCT05711888,80.0,
NCT06631742,48.0,
NCT02414347,900.0,
NCT02149017,30.0,PHASE1;PHASE2
NCT04522739,30.0,PHASE4
NCT01417130,1650.0,
NCT05068830,60.0,PHASE2
NCT06880406,170.0,
NCT00083590,150.0,PHASE2
NCT05395559,757.0,
NCT05372159,1000.0,
NCT02841605,55.0,
NCT00908492,38.0,PHASE2;PHASE3
NCT03308032,120.0,
NCT06079216,196.0,
NCT02388152,50.0,PHASE1
NCT05765552,34.0,
NCT04384978,22.0,
NCT06596746,600.0,
NCT01707719,48.0,
NCT04570644,56.0,PHASE1
NCT04118764,6.0,
NCT03896698,10.0,
NCT02795052,500.0,
NCT05710549,120.0,
NCT03393546,8.0,
NCT06125951,220.0,PHASE2
NCT05125536,30.0,
NCT06095063,30.0,
NCT05909189,120.0,
NCT03299062,9.0,
NCT07158905,48.0,PHASE1
NCT05477056,366.0,
NCT00216502,254.0,PHASE3
NCT05307692,88.0,PHASE2
NCT02050464,126.0,
NCT06052163,40.0,PHASE2
NCT05788848,36.0,PHASE1
NCT02707978,0.0,PHASE2
NCT03954613,198.0,PHASE4
NCT05477862,30.0,
NCT05026866,2996.0,PHASE3
NCT01273272,50.0,PHASE2
NCT06397339,28.0,
NCT06170528,9.0,
NCT02839187,59.0,
NCT03197740,399.0,PHASE3
NCT03151382,30.0,PHASE4
NCT06677203,123.0,PHASE2
NCT04748666,94.0,
NCT07047963,40.0,
NCT05094817,78.0,
NCT04937959,40.0,
NCT05418296,38.0,
NCT05033262,14.0,
NCT05640141,160.0,
NCT04663854,20.0,PHASE1
NCT03537729,172.0,
NCT03323502,47396.0,
NCT02208193,60.0,
NCT03933696,23.0,
NCT06470061,200.0,PHASE2
NCT06831812,16.0,PHASE1
NCT03654911,150.0,
NCT05114499,150.0,
NCT05427448,342.0,
NCT06869135,242.0,
NCT06809725,600.0,
NCT00192998,100.0,
NCT02494531,45.0,
NCT05628636,18.0,PHASE1
NCT04133454,5.0,PHASE1
NCT07118137,30.0,
NCT00739037,10.0,PHASE1
NCT00831506,12.0,PHASE1
NCT03447613,86.0,
NCT05366023,280.0,
NCT02361242,45.0,PHASE2
NCT06885567,90.0,PHASE2
NCT04452864,162.0,
NCT05891938,54.0,
NCT03101085,40.0,PHASE1;PHASE2
NCT04118985,21.0,
NCT03991624,180.0,
NCT05402423,0.0,
NCT06836180,40.0,EARLY_PHASE1
NCT06947941,1046.0,PHASE3
NCT02918539,317.0,
NCT06962111,70.0,
NCT06528964,40.0,
NCT05999084,735.0,
NCT05880849,14.0,PHASE1
NCT00479349,32.0,PHASE1
NCT04956874,39.0,
NCT04388982,9.0,PHASE1;PHASE2
NCT02178124,24.0,PHASE1
NCT00065169,138.0,
NCT03777722,61.0,
NCT06203106,10000.0,
NCT00103649,1306.0,PHASE3
NCT02351882,38.0,PHASE2;PHASE3
NCT04628702,24.0,
NCT03424200,54.0,
NCT06375213,990.0,
NCT06497413,100.0,
NCT04265482,300.0,
NCT05159596,8.0,
NCT06068361,130.0,
NCT03472183,0.0,
NCT04333329,15.0,
NCT06631144,270.0,
NCT03062449,29.0,PHASE2
NCT04700540,162.0,
NCT06657768,68.0,PHASE1
NCT04440891,0.0,
NCT02958670,141.0,
NCT05795634,240.0,
NCT04939818,172.0,
NCT03221894,120.0,
NCT06741553,120.0,
NCT05077501,24.0,PHASE1
NCT05143255,90.0,
NCT02817074,604.0,
NCT05647473,66.0,PHASE2
NCT03638583,200000.0,
NCT04132193,50.0,
NCT05004558,36.0,
NCT00040378,4246.0,
NCT06412185,56.0,PHASE1
NCT00667810,901.0,PHASE3
NCT02414282,20.0,
NCT03998423,5.0,PHASE1
NCT07025070,60.0,
NCT00488007,51.0,
NCT06194552,32.0,PHASE1
NCT01978548,45.0,PHASE1
NCT00726726,22.0,PHASE1
NCT06210035,94.0,
NCT01297140,252.0,
NCT04439097,84.0,
NCT05597410,3418.0,
NCT01057030,22.0,PHASE1
NCT04080544,125.0,PHASE2
NCT01565434,200.0,
NCT05911178,90.0,
NCT02271685,600.0,
NCT03799991,100.0,
NCT05205980,30.0,
NCT06501495,90.0,
NCT04517877,164.0,PHASE2
NCT01564706,9.0,PHASE1
NCT04928690,140.0,
NCT02440646,1080.0,
NCT05063851,32.0,PHASE2
NCT06911944,60.0,PHASE4
NCT03046121,461.0,
NCT05318976,208.0,PHASE2
NCT06889818,4000.0,
NCT01639586,360.0,
NCT03784183,126.0,
NCT00042172,40.0,PHASE4
NCT01692977,77.0,
NCT00053599,400.0,PHASE3
NCT06442852,500.0,
NCT06481878,115.0,
NCT05635266,20000.0,
NCT04771845,73.0,
NCT03256539,15.0,
NCT05043675,6.0,EARLY_PHASE1
NCT05544201,99.0,
NCT02955706,265.0,PHASE4
NCT04129060,120.0,EARLY_PHASE1
NCT03224988,30.0,
NCT00467766,300.0,
NCT03816228,0.0,
NCT04760171,10.0,
NCT05891444,40.0,
NCT03661034,20.0,
NCT03748706,13.0,PHASE2
NCT04951284,42.0,
NCT05985486,81.0,
NCT05173922,500.0,
NCT04842734,60.0,
NCT04820335,65.0,
NCT00657813,3.0,PHASE1
NCT05950607,750.0,PHASE4
NCT05178992,200.0,PHASE1;PHASE2
NCT00831298,70.0,
NCT02997982,33.0,PHASE2
NCT03112096,12.0,PHASE1
NCT06824142,20.0,
NCT06585787,406.0,PHASE3
NCT02648906,128.0,PHASE4
NCT01001637,26.0,
NCT04044495,47.0,
NCT05754021,100.0,
NCT03628404,1000.0,
NCT06496347,192.0,
NCT04103580,457.0,
NCT03577262,19.0,EARLY_PHASE1
NCT00838942,80.0,
NCT04692441,90.0,
NCT05787041,16.0,PHASE1
NCT00630851,249.0,PHASE3
NCT04678453,10.0,PHASE1
NCT03467477,161.0,PHASE2
NCT03757325,16.0,PHASE1
NCT03073876,25.0,PHASE4
NCT05422339,32.0,
NCT05405075,550.0,
NCT00998764,494.0,PHASE3
NCT02323217,20.0,EARLY_PHASE1
NCT06978946,85.0,
NCT03454646,1205.0,PHASE4
NCT01436188,5.0,EARLY_PHASE1
NCT06335173,540.0,PHASE2
NCT07022431,34.0,
NCT02518412,30.0,
NCT04064021,0.0,
NCT06711952,300.0,
NCT00216593,415.0,PHASE3
NCT04270604,1279.0,
NCT05615233,60.0,
NCT01550549,151.0,
NCT04121858,706.0,
NCT05762926,50.0,
NCT03435861,34.0,PHASE2
NCT04335994,200.0,
NCT01638884,118.0,
NCT05077579,240.0,
NCT06403345,40.0,
NCT03676881,36.0,
NCT05732519,180.0,
NCT04562506,30.0,
NCT02444078,140.0,
NCT06496425,80.0,
NCT06524817,0.0,
NCT04381468,50.0,PHASE1;PHASE2
NCT04510168,238.0,
NCT05984524,60.0,
NCT05206305,20.0,
NCT03899298,5000.0,PHASE1
NCT05617508,80.0,PHASE2
NCT05635968,71.0,PHASE2
NCT04726527,48.0,
NCT01453569,255.0,PHASE2
NCT05336695,30.0,PHASE1;PHASE2
NCT00034567,650.0,
NCT04082611,97.0,
NCT02874820,2.0,EARLY_PHASE1
NCT00034762,473.0,PHASE3
NCT04104373,522.0,
NCT02221622,24.0,PHASE1
NCT02343757,4.0,
NCT03466736,165.0,
NCT05189132,134.0,
NCT00088387,35.0,PHASE2
NCT05077618,94.0,
NCT03277573,40.0,PHASE1
NCT05147428,14442.0,
NCT03397667,236.0,
NCT00486044,103.0,PHASE2
NCT05326009,60.0,
NCT01807026,36.0,PHASE1
NCT00470418,15.0,PHASE2
NCT00153010,430.0,PHASE2
NCT06817902,6.0,
NCT07163377,50.0,
NCT07062198,845.0,PHASE3
NCT06120049,113.0,PHASE2;PHASE3
NCT05077826,98.0,
NCT06151808,42.0,
NCT05344989,40.0,PHASE1
NCT03119961,10.0,PHASE1;PHASE2
NCT04606251,34.0,
NCT06367231,6.0,
NCT00814502,20.0,
NCT04404153,100.0,
NCT06618872,120.0,
NCT06940687,60.0,
NCT04971733,8.0,PHASE1;PHASE2
NCT06608589,700.0,
NCT06826261,30.0,
NCT06774261,16.0,PHASE1
NCT05076331,3000.0,
NCT02626377,186.0,
NCT03630419,5.0,PHASE1;PHASE2
NCT05984732,206.0,
NCT00752232,40.0,PHASE2
NCT06840587,360.0,
NCT03880240,55.0,PHASE1;PHASE2
NCT07041450,500.0,
NCT03667924,44.0,
NCT03121066,45.0,
NCT05997030,15.0,
NCT03851523,400.0,
NCT02432222,23.0,
NCT02249351,54.0,PHASE2
NCT00065767,20.0,PHASE2;PHASE3
NCT05163067,200.0,
NCT04621448,224.0,
NCT05924425,62.0,PHASE4
NCT02392468,61.0,PHASE1
NCT03638323,46.0,
NCT03418688,33.0,PHASE1
NCT04587583,19.0,PHASE1;PHASE2
NCT03809351,160.0,PHASE1
NCT05462977,18.0,
NCT04308512,100.0,PHASE1;PHASE2
NCT03761381,20.0,
NCT06335836,209.0,
NCT04570215,48.0,
NCT04592874,381.0,PHASE2
NCT00297362,344.0,
NCT03173846,90.0,
NCT00056329,350.0,PHASE3
NCT01815112,60.0,
NCT00006399,45.0,PHASE2
NCT06582199,244.0,
NCT03645993,2.0,
NCT06223438,614.0,
NCT05550727,342.0,
NCT05516342,182.0,
NCT02987842,30.0,
NCT02686554,200.0,
NCT05507905,160.0,
NCT02681822,10000.0,
NCT03994237,45.0,
NCT06199193,120.0,
NCT04928976,67.0,
NCT04732182,14.0,
NCT04271046,67.0,
NCT00366483,40.0,PHASE1
NCT01409694,90.0,PHASE3
NCT05384353,150.0,
NCT05231798,20.0,PHASE2
NCT04745104,50.0,PHASE1
NCT05058040,2500.0,PHASE4
NCT05239390,20.0,PHASE2
NCT05010603,10000.0,
NCT05002699,120.0,
NCT06677632,14.0,
NCT01680588,70.0,PHASE2
NCT05372172,1000.0,
NCT05655195,50.0,
NCT01181921,1.0,PHASE4
NCT03672448,10000.0,
NCT05295615,40.0,
NCT04672135,77.0,PHASE1
NCT05768425,55.0,
NCT05733520,160.0,
NCT04471779,374.0,
NCT05245903,40.0,
NCT03442322,53.0,
NCT02248116,198.0,PHASE2;PHASE3
NCT03720548,36.0,PHASE1
NCT04482413,100.0,PHASE2
NCT03556280,60.0,
NCT05905822,64.0,
NCT00294307,814.0,
NCT00464334,86.0,PHASE1
NCT04780399,216.0,PHASE2
NCT05529706,86.0,
NCT03823404,643.0,PHASE2;PHASE3
NCT02213458,1560.0,
NCT04633408,21.0,
NCT06535308,92.0,PHASE1
NCT05225389,8.0,PHASE1
NCT04948450,60.0,
NCT03939286,50.0,
NCT01055392,80.0,PHASE2
NCT05530590,760.0,
NCT06880510,150.0,
NCT06023446,100.0,
NCT06371053,200.0,
NCT03038334,100.0,
NCT04517552,60.0,
NCT03149380,0.0,
NCT01608061,42.0,
NCT06719453,9663.0,
NCT06245499,860.0,
NCT00658125,6.0,
NCT00089882,360.0,
NCT06639282,105.0,PHASE2
NCT05514756,40.0,
NCT07066137,150.0,
NCT02951598,1400.0,
NCT04635540,75.0,
NCT02819700,49.0,
NCT06492109,60.0,
NCT04165213,85.0,
NCT01823666,250.0,
NCT00593372,11.0,PHASE1
NCT05454540,60.0,
NCT05977088,40.0,
NCT01430286,49.0,
NCT06432166,48.0,PHASE1;PHASE2
NCT01122329,17.0,PHASE4
NCT04094129,0.0,
NCT05383053,227.0,
NCT05055895,450.0,
NCT06742944,100.0,
NCT00151398,229.0,PHASE2
NCT04841135,120.0,
NCT00285025,500.0,PHASE2
NCT03960476,293.0,
NCT04100889,0.0,
NCT03739905,30.0,
NCT04949529,355.0,
NCT01231295,143.0,
NCT03184467,96.0,PHASE2
NCT03635047,69.0,PHASE1
NCT06129838,80.0,
NCT03279523,60.0,
NCT06691256,70.0,PHASE2
NCT04019665,0.0,
NCT04563767,4.0,
NCT02770482,204.0,
NCT04795466,34.0,PHASE2
NCT05853471,30.0,PHASE1;PHASE2
NCT05194787,3000.0,
NCT00301574,398.0,PHASE3
NCT06179979,60.0,
NCT04913454,20.0,
NCT06017505,1486.0,
NCT04903171,130.0,
NCT06699589,278.0,
NCT06930560,300.0,
NCT06134180,14.0,
NCT05456503,72.0,PHASE3
NCT05016427,12.0,PHASE1
NCT06680154,30.0,
NCT04247347,92.0,
NCT05569083,350.0,
NCT05669495,750.0,
NCT02612376,800.0,
NCT00956410,21.0,PHASE2
NCT03381482,71.0,
NCT04095962,110.0,
NCT04031469,1000.0,
NCT03080051,6.0,EARLY_PHASE1
NCT01772095,389.0,
NCT06246019,200.0,
NCT05847192,91.0,
NCT03899844,1122.0,
NCT03115814,6.0,
NCT05846984,200.0,
NCT07142278,24.0,PHASE1
NCT06022068,14.0,PHASE1;PHASE2
NCT00979316,62.0,PHASE1
NCT02844855,83.0,
NCT00177489,613.0,
NCT04571502,58.0,
NCT03560245,108.0,PHASE2
NCT04325204,54.0,
NCT01314638,100.0,
NCT04075435,12.0,EARLY_PHASE1
NCT05655650,300.0,
NCT06812442,40.0,
NCT02337907,329.0,PHASE2
NCT05916664,495.0,
NCT00071721,313.0,PHASE3
NCT04102514,198.0,
NCT05322343,2050.0,
NCT03089918,11.0,PHASE1
NCT01095718,300.0,
NCT06105320,40.0,
NCT07115238,354.0,PHASE3
NCT02854917,20.0,
NCT06668610,50.0,
NCT03757910,5.0,EARLY_PHASE1
NCT05153161,9.0,PHASE1
NCT03443973,975.0,PHASE3
NCT00208819,50.0,PHASE4
NCT06274528,201.0,PHASE2
NCT00249158,344.0,PHASE3
NCT01434940,288.0,
NCT06045988,100.0,
NCT06025877,400.0,
NCT03903211,84.0,PHASE2
NCT06570109,130.0,
NCT05345509,62.0,PHASE1;PHASE2
NCT05607732,45257.0,
NCT00046358,50.0,PHASE4
NCT03493282,43.0,PHASE1;PHASE2
NCT01000870,6.0,EARLY_PHASE1
NCT02204969,100.0,PHASE1;PHASE2
NCT04466722,10000.0,
NCT04255329,0.0,
NCT05063539,327.0,PHASE2
NCT05172128,12.0,
NCT00178165,1200.0,
NCT06582706,30.0,PHASE1;PHASE2
NCT00480701,26.0,PHASE2
NCT02958930,8.0,
NCT03634007,15.0,PHASE1;PHASE2
NCT03943264,20.0,PHASE1
NCT00480818,80.0,PHASE1
NCT03371420,5.0,EARLY_PHASE1
NCT06669546,60.0,
NCT03622905,74.0,
NCT03929302,41.0,
NCT03860857,300.0,PHASE3
NCT02409030,700.0,
NCT03075007,48.0,
NCT06291909,88.0,
NCT03741543,108.0,
NCT03977025,30.0,
NCT00474552,56.0,PHASE1
NCT06406348,53.0,PHASE1
NCT02624778,61.0,PHASE1
NCT00236574,974.0,PHASE3
NCT05614310,60.0,
NCT03384069,31.0,
NCT03226522,366.0,PHASE2;PHASE3
NCT01681602,200.0,PHASE3
NCT04268953,12.0,PHASE1
NCT01582919,304.0,
NCT03978338,200.0,
NCT03682185,421.0,PHASE3
NCT03282097,442.0,
NCT06721156,350.0,PHASE2
NCT06328829,80.0,
NCT05904132,70.0,
NCT01128725,100.0,
NCT05929924,40.0,
NCT02361424,47.0,PHASE2
NCT06963879,60.0,
NCT03503331,160.0,PHASE2
NCT06733714,40.0,
NCT03430648,37.0,
NCT03227185,55.0,
NCT05748613,388.0,
NCT04330482,40.0,
NCT05408780,45.0,PHASE1
NCT05929703,3000.0,
NCT04388254,220.0,PHASE2
NCT04114994,10000.0,
NCT05642351,62.0,
NCT06346275,108.0,
NCT03666624,30.0,
NCT04509271,1300.0,
NCT03373604,71.0,PHASE2
NCT01020838,218.0,PHASE3
NCT05919485,120.0,
NCT04311515,4.0,PHASE2
NCT04866979,200.0,
NCT03270137,19.0,
NCT06467981,160.0,
NCT00795730,24.0,PHASE1
NCT05732935,52.0,
NCT00368459,42.0,PHASE2
NCT05102045,27.0,
NCT03352739,30.0,
NCT05637801,670.0,
NCT04314934,300.0,PHASE2;PHASE3
NCT04123314,20.0,EARLY_PHASE1
NCT04946916,120.0,
NCT02414178,130.0,
NCT06209515,61292.0,
NCT06445582,80.0,
NCT04863495,600.0,
NCT03052712,44.0,
NCT03585907,0.0,
NCT05882344,2.0,
NCT03978052,129.0,
NCT07007208,100.0,PHASE2
NCT06217146,24.0,
NCT00141661,67.0,PHASE2
NCT03801642,46.0,PHASE1;PHASE2
NCT00719394,72.0,PHASE1
NCT00304629,241.0,PHASE3
NCT04731311,4.0,
NCT00254033,40.0,PHASE4
NCT02719938,62.0,
NCT03174938,1505.0,
NCT05643326,53.0,
NCT00104013,1455.0,PHASE3
NCT05377060,28.0,
NCT06444841,200.0,
NCT05468905,4000.0,
NCT00236431,1063.0,PHASE3
NCT06366867,122.0,
NCT07109999,2835.0,
NCT00035204,63.0,PHASE4
NCT01669876,85.0,PHASE2
NCT06151795,10.0,PHASE1
NCT03840928,40000.0,
NCT04759365,25.0,PHASE1
NCT06372587,14.0,
NCT06991816,100.0,
NCT05413655,120.0,PHASE2
NCT04299308,60.0,
NCT01860625,36.0,PHASE1
NCT05877196,216.0,
NCT06116188,40.0,
NCT06937229,600.0,PHASE3
NCT02288000,30.0,PHASE1
NCT03405662,23.0,
NCT06514001,25.0,PHASE2
NCT04434898,212.0,
NCT00765115,27.0,PHASE1
NCT00007189,2625.0,PHASE3
NCT05508789,1500.0,PHASE3
NCT05082883,152.0,
NCT00895895,526.0,PHASE2
NCT07036328,62.0,
NCT02055092,250.0,
NCT06439992,60.0,
NCT06619613,48.0,PHASE1
NCT06862960,40.0,PHASE2
NCT03939780,0.0,
NCT03351452,28.0,
NCT03790774,5.0,
NCT05596760,1800.0,
NCT04785053,34.0,
NCT03621839,50000.0,
NCT03811184,400.0,
NCT03971994,41.0,
NCT04413851,1.0,
NCT04516057,112.0,PHASE3
NCT01461109,4.0,PHASE1
NCT05661084,144.0,
NCT05318040,99.0,PHASE1
NCT00062569,90.0,
NCT04436341,50.0,
NCT04606953,24.0,
NCT06148233,40.0,
NCT04842552,424.0,PHASE3
NCT02959489,315.0,
NCT03402503,52.0,PHASE2
NCT04010175,34.0,
NCT03980730,43.0,PHASE2
NCT06416267,1500.0,
NCT03340571,21.0,
NCT02240693,128.0,PHASE2
NCT03706261,145.0,PHASE1
NCT06837272,285.0,
NCT01183806,40.0,PHASE3
NCT04277104,47.0,
NCT06354933,186.0,
NCT04287738,912.0,
NCT04846426,67.0,
NCT01951118,121.0,PHASE4
NCT06673069,1.0,PHASE1
NCT04592341,192.0,PHASE2
NCT02663531,150.0,
NCT05323812,61.0,PHASE2
NCT03691519,774.0,PHASE3
NCT03819699,3.0,PHASE1
NCT04300933,50.0,
NCT06170268,20000.0,
NCT03786510,32.0,
NCT03971123,32.0,PHASE1
NCT06079827,43.0,
NCT04640077,95.0,PHASE2
NCT05159557,63.0,
NCT02802371,240.0,
NCT00833274,70.0,
NCT00684710,56.0,PHASE1
NCT01819714,31.0,
NCT04585347,12.0,PHASE1
NCT00726115,56.0,PHASE1
NCT04045990,11.0,
NCT00556660,20.0,PHASE1
NCT02249403,362.0,PHASE2
NCT07167966,375.0,PHASE2
NCT06499272,35.0,
NCT01297036,22.0,PHASE1
NCT04200911,10.0,EARLY_PHASE1
NCT04220593,80.0,
NCT04576793,100.0,PHASE2
NCT01378026,120.0,
NCT00745576,14.0,PHASE1
NCT04571697,34647.0,
NCT05067010,93.0,
NCT05527288,50.0,
NCT04597827,40.0,
NCT06105047,40.0,
NCT05976659,20.0,
NCT04074837,56.0,PHASE1
NCT01782248,65.0,
NCT01837641,63.0,PHASE1
NCT04482036,20.0,
NCT03699644,16.0,
NCT05527587,20.0,
NCT02835716,150.0,
NCT04869904,80.0,
NCT04871074,100.0,PHASE2
NCT05009524,120.0,
NCT04079803,64.0,PHASE2
NCT05776641,200.0,
NCT02829801,40.0,
NCT04897464,60.0,
NCT05189106,20.0,PHASE1;PHASE2
NCT05592366,128.0,
NCT05491902,10.0,
NCT05248672,35.0,PHASE1
NCT03093519,21.0,PHASE1
NCT05516147,12.0,
NCT06611878,113.0,
NCT05575076,1081.0,PHASE3
NCT06694597,76.0,PHASE2
NCT00551161,12.0,PHASE4
NCT04919005,34.0,
NCT05466422,34.0,PHASE1
NCT03466177,320.0,
NCT03020381,600.0,
NCT05379348,1423.0,
NCT06723015,135.0,PHASE2
NCT04213391,160.0,
NCT03560960,57.0,EARLY_PHASE1
NCT04800588,2000.0,
NCT03991988,32.0,PHASE2
NCT06343636,115.0,PHASE1
NCT04203121,10.0,
NCT03711825,8.0,EARLY_PHASE1
NCT05151562,60.0,
NCT05939362,80.0,
NCT02108769,20.0,
NCT02134041,150.0,
NCT06221202,72.0,
NCT00403507,79.0,PHASE2
NCT07069244,110.0,
NCT06938763,76.0,PHASE1
NCT06042413,1200.0,
NCT05626205,20.0,
NCT04935372,200.0,
NCT05524181,50.0,
NCT04601038,52.0,PHASE2
NCT06242574,0.0,
NCT04021888,60.0,
NCT00119561,154.0,
NCT06254469,230.0,PHASE3
NCT04205539,0.0,PHASE1
NCT04100057,150.0,
NCT03030365,30.0,
NCT03846492,90.0,
NCT03901092,242.0,PHASE3
NCT01138111,45.0,PHASE1
NCT03657732,40000.0,
NCT03883633,30.0,
NCT04337255,250.0,
NCT03824197,25.0,
NCT01089582,628.0,
NCT06840054,30.0,PHASE2
NCT01039194,18.0,PHASE1
NCT03821857,200.0,PHASE4
NCT03389698,27.0,
NCT06072963,80.0,PHASE2
NCT03649724,180.0,PHASE2
NCT05925621,500.0,
NCT01565330,20.0,PHASE1
NCT05321498,0.0,PHASE2
NCT06295263,460.0,
NCT04851496,80.0,
NCT03721705,190.0,PHASE3
NCT02769065,179.0,PHASE1
NCT01566071,60.0,
NCT03076671,783.0,
NCT05973448,335.0,
NCT05163626,200.0,
NCT05270408,33.0,
NCT06548191,60.0,PHASE1
NCT00906191,6.0,PHASE1
NCT03313518,30.0,
NCT00599469,4.0,PHASE1
NCT06023407,60.0,
NCT03324711,75.0,
NCT06868004,105.0,
NCT00110552,111.0,PHASE1
NCT07016178,400.0,
NCT01839422,60.0,
NCT04514328,0.0,
NCT01743534,32.0,
NCT00253214,973.0,PHASE3
NCT03116126,148.0,PHASE3
NCT03981159,20.0,
NCT04495686,171.0,
NCT05842473,63.0,
NCT03617497,78.0,
NCT02294513,25.0,
NCT06321380,120.0,
NCT02978768,67.0,
NCT01970150,5.0,
NCT05207397,24.0,
NCT06245031,402.0,
NCT03179501,4.0,PHASE1
NCT01696591,14.0,
NCT04606420,51.0,
NCT03959124,30.0,
NCT05202223,80.0,
NCT04104659,200.0,
NCT05785156,129.0,
NCT05430867,150.0,PHASE4
NCT03134963,42.0,
NCT03274817,5.0,PHASE1
NCT06448975,30.0,
NCT06740864,30.0,
NCT05246332,22.0,
NCT06019117,104.0,
NCT06099197,40.0,
NCT05269173,240.0,PHASE2
NCT00960531,160.0,PHASE2
NCT00253201,636.0,PHASE3
NCT00017940,8.0,PHASE1
NCT05055310,1000.0,
NCT07075770,60.0,
NCT01094145,6.0,
NCT03920826,46.0,
NCT01565291,32.0,EARLY_PHASE1
NCT06801639,24.0,
NCT03472664,120.0,
NCT05680532,21.0,
NCT05138263,640.0,
NCT01850238,30.0,PHASE1
NCT05817643,12.0,PHASE1
NCT06127368,56.0,PHASE1
NCT06298474,120.0,
NCT04004702,65.0,PHASE2
NCT06281314,60.0,
NCT05200208,20.0,
NCT04627662,400.0,
NCT05715866,30.0,
NCT04992195,500.0,
NCT06732128,50.0,
NCT05575271,6.0,
NCT01570322,400.0,
NCT06029114,450.0,
NCT04533815,23.0,
NCT06368115,11375.0,
NCT05150990,186.0,
NCT06467539,80.0,PHASE2
NCT04851691,158.0,
NCT04131491,80.0,
NCT03367403,272.0,PHASE2
NCT04044131,120.0,PHASE2
NCT05741853,60.0,
NCT06661564,90.0,
NCT01042314,18.0,PHASE1
NCT05260151,155.0,
NCT06781333,8.0,PHASE2
NCT03847038,306.0,
NCT03902548,14.0,PHASE1
NCT07021040,125.0,
NCT04733989,1002.0,
NCT00870974,48.0,PHASE1
NCT06027320,992.0,
NCT04096261,0.0,
NCT06104852,600.0,
NCT04570085,248.0,PHASE3
NCT05460143,200.0,
NCT06185543,20.0,PHASE2
NCT06793735,480.0,
NCT03981380,59.0,
NCT05411822,36.0,
NCT00039702,40.0,
NCT05449626,400.0,
NCT03887923,5.0,
NCT05801380,60.0,
NCT00000177,120.0,PHASE3
NCT06881836,240.0,PHASE2
NCT04981587,64.0,
NCT06489847,30.0,
NCT00743743,0.0,PHASE3
NCT01194713,26.0,
NCT01400542,22.0,
NCT03330587,60.0,
NCT06249204,449.0,
NCT03217396,300.0,
NCT06557863,80.0,
NCT03461276,134.0,PHASE2
NCT06083350,144.0,
NCT00064870,10000.0,
NCT04555941,54.0,PHASE2
NCT05821153,8.0,PHASE1
NCT02340195,16.0,PHASE1
NCT06875739,310.0,
NCT03752463,154.0,PHASE2
NCT02750306,285.0,PHASE3
NCT00094913,105.0,
NCT04619420,523.0,PHASE2
NCT00013923,40.0,PHASE2
NCT05793372,43.0,
NCT03328195,60.0,
NCT07031167,100.0,
NCT04515433,20.0,
NCT00626210,2.0,PHASE4
NCT03047694,1.0,
NCT04524338,20.0,
NCT04081285,250.0,
NCT05326750,200.0,
NCT03672474,60.0,
NCT05200897,60.0,
NCT04146688,240.0,
NCT01348061,16.0,
NCT05383183,630.0,PHASE4
NCT07163039,60.0,
NCT05820919,456.0,
NCT03784300,24.0,PHASE1
NCT02664571,0.0,
NCT05532644,135.0,
NCT06424652,1.0,
NCT05667649,18.0,PHASE1
NCT07006155,40.0,
NCT03484143,228.0,
NCT04048759,81.0,
NCT04840979,250.0,PHASE2
NCT03089827,800.0,
NCT00105547,1600.0,PHASE3
NCT04250376,100.0,
NCT06297590,32.0,PHASE1
NCT00277810,250.0,PHASE2;PHASE3
NCT02788513,611.0,PHASE2
NCT05181475,800.0,PHASE4
NCT03287765,54.0,
NCT00911807,217.0,PHASE2
NCT05791552,500.0,
NCT03554226,270.0,
NCT06096090,40.0,PHASE2
NCT02333942,41.0,
NCT03834402,500.0,
NCT05453539,16.0,PHASE1
NCT04004767,220.0,
NCT00500500,40.0,PHASE2
NCT05317910,26.0,
NCT03841539,209.0,
NCT04025801,400.0,
NCT04604600,120.0,PHASE3
NCT05104593,204.0,
NCT06116084,100.0,
NCT05216315,38.0,
NCT06223360,406.0,PHASE2
NCT06014424,40.0,PHASE2
NCT05597124,280.0,PHASE2
NCT05402566,21.0,
NCT03035851,264.0,
NCT04394845,6.0,PHASE1
NCT00677885,20.0,
NCT01696019,120.0,
NCT00880555,78.0,
NCT06275243,511.0,
NCT02702817,200.0,PHASE2
NCT03865017,20.0,PHASE1;PHASE2
NCT06989242,60.0,
NCT03455569,60.0,
NCT06040905,100.0,
NCT03550131,322.0,
NCT06902753,120.0,
NCT07031687,1200.0,
NCT02322021,70.0,PHASE2
NCT05892952,10000.0,
NCT00788047,14.0,PHASE1
NCT03352258,20.0,
NCT06410157,240.0,
NCT06896201,200.0,
NCT05478681,20.0,
NCT04403165,30.0,
NCT04496778,60.0,
NCT06957418,750.0,PHASE2
NCT06474013,15.0,
NCT03698760,82.0,
NCT00088673,950.0,PHASE3
NCT03703856,32.0,PHASE4
NCT06874231,120.0,
NCT06384378,40.0,PHASE2
NCT03123224,200.0,
NCT05393388,160.0,
NCT05004987,60.0,PHASE4
NCT04972643,163.0,
NCT03863041,49.0,
NCT06135051,1.0,PHASE1;PHASE2
NCT04947553,456.0,PHASE3
NCT03446001,598.0,PHASE3
NCT05378659,120.0,
NCT03999879,37.0,
NCT06640842,24.0,
NCT02675270,84.0,
NCT04263194,60.0,
NCT02973971,24.0,
NCT00453544,252.0,
NCT05574634,200.0,
NCT06168604,440.0,
NCT05201768,41.0,
NCT07058688,48.0,PHASE2
NCT03475316,25.0,
NCT03977584,114.0,PHASE2
NCT00479297,72.0,PHASE1
NCT05709210,90.0,
NCT05508646,48.0,
NCT04575727,17.0,EARLY_PHASE1
NCT06417086,176.0,
NCT03592563,5000.0,
NCT05722743,76.0,
NCT06122415,1200.0,
NCT06400368,200.0,
NCT00409279,100.0,
NCT06566170,3060.0,
NCT04954183,30.0,
NCT03901456,65.0,
NCT06385951,160.0,
NCT03860792,80.0,
NCT03876314,180.0,
NCT06852326,30.0,
NCT03290040,564.0,
NCT05202197,13.0,
NCT00951197,318.0,
NCT04699786,450.0,
NCT04948866,442.0,
NCT07122856,100.0,
NCT01209156,11.0,PHASE1
NCT05077631,56.0,PHASE1
NCT00094939,170.0,
NCT05026177,1125.0,PHASE3
NCT03671889,150.0,
NCT03687710,452.0,
NCT04339413,116.0,PHASE3
NCT01515982,20.0,
NCT03034746,90.0,
NCT05081219,30.0,PHASE2
NCT01217021,10.0,EARLY_PHASE1
NCT06730438,100.0,
NCT06870058,48.0,PHASE1
NCT06622135,16.0,
NCT03927040,7.0,
NCT01518374,1768.0,PHASE2
NCT05012410,262.0,
NCT03542656,160.0,PHASE3
NCT02638519,51.0,EARLY_PHASE1
NCT04165109,450.0,
NCT05464368,38.0,PHASE1
NCT07064382,60.0,
NCT04251182,250.0,PHASE2
NCT06986096,40.0,
NCT02578303,139.0,
NCT06372821,10.0,PHASE1
NCT01874418,90.0,
NCT04902703,42.0,PHASE2
NCT06597942,54.0,PHASE1;PHASE2
NCT05516667,1000.0,
NCT03702907,1000.0,
NCT05831371,87.0,
NCT06547099,1800.0,
NCT06377033,1000.0,
NCT03587649,12.0,PHASE1
NCT03543878,10.0,
NCT01334450,10.0,PHASE2
NCT03208491,136.0,
NCT04239079,120.0,
NCT03615027,60.0,
NCT00480467,32.0,PHASE1
NCT00291421,2360.0,
NCT00452504,64.0,PHASE1
NCT03168997,222.0,PHASE4
NCT02899403,20.0,
NCT02968719,107.0,PHASE1
NCT02564692,500000.0,
NCT03153371,180.0,
NCT00479557,86.0,PHASE2
NCT03744312,9.0,PHASE1;PHASE2
NCT02172612,50.0,
NCT05543681,164.0,PHASE2
NCT04437511,1736.0,PHASE3
NCT05389644,3.0,
NCT00481520,72.0,PHASE2
NCT06473220,100.0,
NCT05641688,200.0,PHASE3
NCT05562583,15.0,
NCT04538066,122.0,PHASE2
NCT02263287,133.0,
NCT05602220,91.0,
NCT04121208,2.0,PHASE1
NCT05215782,65.0,
NCT02811653,155.0,
NCT03533257,95.0,PHASE2
NCT05800028,192.0,
NCT06301750,80.0,
NCT06768996,80.0,
NCT03643003,32.0,
NCT05686044,351.0,PHASE2;PHASE3
NCT05704309,1976.0,
NCT04520698,2000.0,
NCT04710550,8.0,PHASE1
NCT06995573,90.0,PHASE1;PHASE2
NCT02800395,350.0,
NCT02529436,54.0,
NCT04157244,32.0,
NCT05531526,1535.0,PHASE3
NCT04134923,375.0,
NCT04920786,48.0,PHASE1
NCT04111211,1028.0,
NCT04451408,139.0,PHASE1
NCT04279418,60.0,
NCT04931459,65.0,PHASE1
NCT02362880,32.0,
NCT02612688,197692.0,
NCT06325527,1872.0,
NCT05943054,104.0,
NCT04442594,27.0,
NCT04263519,0.0,PHASE2
NCT06860828,350.0,
NCT03282916,120.0,PHASE2
NCT05060848,100.0,
NCT04385225,300.0,
NCT05478031,14.0,PHASE2
NCT05723172,48.0,
NCT00056628,250.0,PHASE3
NCT03656107,56.0,
NCT06535763,36.0,
NCT04616287,61.0,
NCT03827733,200.0,
NCT03095417,249.0,
NCT05292222,15.0,
NCT04057807,18.0,EARLY_PHASE1
NCT06847321,300.0,PHASE2
NCT06722352,792.0,
NCT04629547,200.0,PHASE2
NCT04088643,40.0,
NCT04507815,50.0,
NCT06575218,45.0,
NCT00417482,180.0,PHASE4
NCT04374253,1382.0,PHASE3
NCT04855630,30.0,
NCT04559828,20.0,
NCT05926011,108.0,
NCT03384043,52.0,
NCT05761665,54.0,
NCT04715750,10.0,PHASE1
NCT00605046,1.0,PHASE1
NCT02978729,613.0,
NCT05356702,3417.0,
NCT07011745,352.0,PHASE3
NCT05545657,500.0,
NCT05807100,90.0,
NCT06678100,240.0,
NCT05364307,1555.0,
NCT01384344,82.0,
NCT03288363,80.0,
NCT02697721,60.0,
NCT03688126,2000.0,
NCT06755476,80.0,
NCT06754254,300.0,
NCT03702816,24.0,PHASE2
NCT05565833,144.0,PHASE2
NCT06158789,6.0,
NCT04093882,101.0,
NCT06538116,300.0,PHASE2
NCT04994847,300.0,
NCT00105638,160.0,
NCT06174038,150.0,
NCT06285448,20.0,
NCT04797715,178.0,PHASE3
NCT05862935,26.0,
NCT04505735,25.0,
NCT00059410,210.0,
NCT04720001,1.0,
NCT05783830,6.0,EARLY_PHASE1
NCT03653871,75.0,
NCT01028209,12.0,PHASE1
NCT02846415,30.0,
NCT00216515,102.0,PHASE4
NCT00161473,24.0,
NCT02843529,548.0,
NCT05796037,1500000.0,
NCT04735536,16.0,PHASE2
NCT06385106,30.0,
NCT05194163,24.0,PHASE2
NCT03082755,156.0,PHASE4
NCT04070378,16.0,PHASE2
NCT06827678,3000.0,
NCT00024531,98.0,PHASE2
NCT00718731,80.0,PHASE1
NCT00066157,42.0,PHASE2;PHASE3
NCT03420807,49.0,
NCT03896711,175.0,
NCT06257563,0.0,
NCT05119114,40.0,
NCT05886114,1200.0,
NCT03347084,2.0,
NCT05288842,102.0,
NCT04474405,36.0,EARLY_PHASE1
NCT05080777,74.0,
NCT05503511,50.0,PHASE1
NCT04274998,20.0,EARLY_PHASE1
NCT04305652,29.0,
NCT05292248,20.0,
NCT05601856,104.0,
NCT06247345,73.0,PHASE1
NCT06347172,360.0,
NCT03289377,50.0,
NCT06362707,200.0,PHASE2
NCT04117178,132.0,PHASE4
NCT03581643,430.0,
NCT00605059,3.0,PHASE1
NCT05905796,1350.0,
NCT02778581,110.0,
NCT05019014,201.0,
NCT06021704,120.0,
NCT05642052,25.0,
NCT00397891,80.0,PHASE1
NCT00645190,215.0,PHASE3
NCT00063310,90.0,PHASE2
NCT00750282,422.0,PHASE2
NCT06835283,20.0,
NCT02299154,250.0,
NCT05670912,105.0,PHASE2
NCT04759092,8.0,
NCT05990114,50.0,
NCT00438724,200.0,
NCT05921929,0.0,PHASE1
NCT05352529,16.0,
NCT04575337,6000.0,
NCT00479700,80.0,PHASE1
NCT06379100,20.0,
NCT05899764,25.0,PHASE1;PHASE2
NCT04602624,26.0,PHASE2
NCT04482179,23.0,PHASE1
NCT07143331,84.0,PHASE1
NCT05457998,200.0,
NCT05433363,60.0,
NCT04555616,30.0,
NCT03204604,0.0,
NCT05374278,102.0,PHASE1;PHASE2
NCT00506415,1584.0,PHASE3
NCT03770182,60.0,
NCT05834296,30.0,PHASE1;PHASE2
NCT06875986,200.0,
NCT06565169,120.0,
NCT00380302,162.0,PHASE1;PHASE2
NCT04436081,40.0,PHASE2
NCT06234436,10.0,EARLY_PHASE1
NCT03846232,60.0,
NCT06114914,1000.0,
NCT06180252,30.0,
NCT03117738,21.0,PHASE1;PHASE2
NCT00287248,38.0,PHASE1
NCT01009476,1134.0,
NCT00479440,56.0,PHASE1
NCT04579120,650.0,
NCT03352024,0.0,
NCT01700556,438.0,
NCT01168245,15.0,PHASE1
NCT05728736,0.0,PHASE2
NCT05522387,11.0,PHASE2
NCT00970333,3.0,PHASE1
NCT03342326,58.0,
NCT00029120,450.0,
NCT04526262,6.0,
NCT03444870,1053.0,PHASE3
NCT04536701,22.0,
NCT03565809,87816.0,
NCT05518409,100.0,
NCT03790709,509.0,PHASE2;PHASE3
NCT00147693,304.0,
NCT02530255,48.0,
NCT06965062,10.0,
NCT06391853,0.0,
NCT06202872,27.0,
NCT00191009,124.0,PHASE2;PHASE3
NCT02353598,77.0,PHASE1
NCT06992804,20.0,EARLY_PHASE1
NCT06808984,120.0,PHASE2
NCT03375697,72.0,PHASE1
NCT04099823,50.0,
NCT05515679,45.0,
NCT05696483,88.0,PHASE1
NCT05003830,130.0,
NCT06756828,40.0,
NCT04785300,20.0,PHASE1;PHASE2
NCT05444244,182.0,
NCT05028114,71.0,PHASE1
NCT00443014,187.0,PHASE4
NCT03412604,5.0,
NCT06168955,30.0,
NCT06877182,80000.0,
NCT04828122,141.0,
NCT03657745,2000.0,
NCT03520998,47.0,PHASE2
NCT03665831,28.0,
NCT04994483,804.0,PHASE3
NCT00255866,90.0,PHASE2;PHASE3
NCT04856072,11.0,
NCT02740634,60.0,
NCT05557409,408.0,PHASE3
NCT04614376,100.0,
NCT04949750,200.0,
NCT03136679,220.0,
NCT00494962,40.0,PHASE1
NCT00612872,46.0,PHASE1
NCT07042087,48.0,
NCT04522960,60.0,
NCT02351453,207.0,
NCT04480112,196.0,
NCT03531684,10.0,PHASE2
NCT06511752,120.0,EARLY_PHASE1
NCT03875638,85.0,PHASE2
NCT05809908,535.0,PHASE3
NCT00912288,86.0,PHASE3
NCT00916617,62.0,PHASE2
NCT05703490,64.0,
NCT01696123,125.0,PHASE2
NCT03030105,38.0,PHASE1
NCT05139290,40.0,
NCT03635879,0.0,PHASE1
NCT04052737,80.0,PHASE2
NCT04488419,554.0,PHASE2;PHASE3
NCT03900936,20.0,
NCT04437290,300.0,
NCT00253123,626.0,PHASE3
NCT00255086,17.0,PHASE3
NCT04249869,28.0,PHASE1;PHASE2
NCT04567745,80.0,PHASE1
NCT03019536,22.0,PHASE1
NCT05164536,140.0,PHASE1
NCT05094271,260.0,PHASE1
NCT03665909,179.0,
NCT04614532,28.0,
NCT05784298,27.0,
NCT06224920,140.0,
NCT03402659,161.0,PHASE2
NCT05697354,40.0,
NCT03862222,165.0,
NCT00544453,2.0,PHASE1
NCT04041895,0.0,
NCT04327778,20.0,
NCT00676143,1100.0,PHASE3
NCT06705010,140.0,
NCT01345110,1321.0,
NCT05798637,200.0,
NCT05175664,350.0,
NCT04282798,0.0,
NCT02462291,163.0,
NCT03944460,40.0,PHASE1
NCT04844060,10000.0,
NCT05361382,620.0,PHASE1
NCT00480870,65.0,PHASE4
NCT07142954,3400.0,PHASE3
NCT04228666,0.0,PHASE1;PHASE2
NCT00414622,60.0,PHASE2
NCT03946930,500.0,
NCT05582200,71.0,
NCT05655793,200.0,
NCT03290274,6.0,
NCT03295110,60.0,
NCT03778151,50.0,
NCT01339130,177.0,
NCT04669028,439.0,PHASE3
NCT06841848,80.0,
NCT05159583,15.0,
NCT03672266,100.0,
NCT01870453,0.0,
NCT02840045,30.0,
NCT05309577,21.0,
NCT03682081,152.0,
NCT06570928,72.0,PHASE2
NCT06094192,204.0,
NCT00501111,659.0,PHASE2
NCT04468347,89.0,PHASE1
NCT00203320,30.0,PHASE1
NCT01481961,15.0,
NCT03002142,9.0,
NCT00112073,234.0,PHASE2
NCT00314912,650.0,PHASE3
NCT00843115,370.0,
NCT04241068,1696.0,PHASE3
NCT01047579,51.0,PHASE4
NCT05542953,230.0,PHASE3
NCT00566501,915.0,PHASE3
NCT01702467,27.0,PHASE1
NCT00428090,862.0,PHASE3
NCT04476303,88.0,PHASE1
NCT02831283,60.0,PHASE2
NCT00478166,206.0,
NCT06356337,20.0,
NCT00471211,80.0,PHASE2
NCT04954534,9.0,
NCT00708552,576.0,PHASE2
NCT01038726,108.0,
NCT00582127,50.0,
NCT00581867,31.0,PHASE1;PHASE2
NCT04584138,54.0,
NCT02051608,389.0,PHASE3
NCT00182897,120.0,
NCT01702480,116.0,PHASE1
NCT02787746,241.0,PHASE4
NCT02502253,14.0,PHASE1
NCT02319681,0.0,
NCT01609335,41.0,PHASE1
NCT02051335,27.0,PHASE1
NCT01908010,20.0,PHASE1
NCT01366027,5290.0,
NCT05551741,40.0,PHASE1
NCT01890343,34.0,PHASE2
NCT05363293,65.0,PHASE1;PHASE2
NCT02085265,23.0,PHASE2
NCT01284387,126.0,PHASE2
NCT01254448,38.0,PHASE1
NCT00702780,74.0,
NCT00105612,110.0,
NCT01203384,48.0,PHASE1
NCT02303158,50.0,
NCT01282619,390.0,PHASE2;PHASE3
NCT03289143,457.0,PHASE2
NCT00267124,172.0,
NCT00001977,70.0,
NCT05040217,12.0,PHASE1
NCT01926691,575.0,
NCT00151502,600.0,PHASE3
NCT02585934,1315.0,PHASE3
NCT00842816,210.0,PHASE2
NCT01962779,235.0,
NCT01723670,0.0,PHASE2
NCT00096473,229.0,PHASE3
NCT01503944,30.0,PHASE1;PHASE2
NCT01329484,159.0,
NCT01661673,52.0,PHASE2
NCT01370954,204.0,
NCT02247180,14.0,
NCT04445831,57.0,PHASE1;PHASE2
NCT00069849,64.0,PHASE2
NCT02489110,150.0,
NCT01388478,20.0,PHASE2
NCT00965835,40.0,
NCT07060391,186.0,PHASE3
NCT01662882,48.0,PHASE2;PHASE3
NCT01454453,64.0,PHASE4
NCT00905372,1000.0,PHASE3
NCT01538212,55.0,
NCT01767909,240.0,PHASE2;PHASE3
NCT00855868,28.0,PHASE2
NCT00440050,402.0,PHASE3
NCT02018913,140.0,
NCT00392912,10.0,
NCT03935568,40.0,PHASE1
NCT00403520,240.0,PHASE4
NCT06411561,100.0,
NCT00955422,197.0,
NCT01021644,73.0,
NCT00117403,75.0,PHASE1
NCT01054976,99.0,PHASE4
NCT00362024,24.0,PHASE2
NCT02347202,135.0,
NCT01129115,101.0,EARLY_PHASE1
NCT01841125,84.0,PHASE4
NCT01712074,186.0,PHASE2
NCT05260177,62.0,
NCT02485730,419.0,
NCT02719834,4.0,
NCT01729598,14.0,EARLY_PHASE1
NCT01569516,288.0,PHASE2
NCT01716897,18.0,PHASE1
NCT00987220,12.0,
NCT00099242,1040.0,PHASE3
NCT02614131,50.0,PHASE1
NCT02502045,18.0,
NCT00814801,580.0,PHASE3
NCT00688207,14.0,PHASE1
NCT00954538,19.0,PHASE1
NCT00283725,573.0,
NCT00824590,20.0,PHASE1
NCT02956486,2212.0,PHASE3
NCT03019757,76.0,
NCT02317523,151.0,
NCT00391794,154.0,
NCT01230853,80.0,PHASE1
NCT00303277,35.0,PHASE4
NCT01035164,25.0,PHASE1
NCT01624389,200.0,
NCT01143350,300.0,
NCT01561430,70.0,PHASE1;PHASE2
NCT00561392,208.0,PHASE4
NCT02453763,17.0,
NCT01584440,220.0,PHASE2
NCT02813070,70.0,PHASE2
NCT00689637,26.0,PHASE1
NCT01095744,60.0,
NCT06586606,12.0,PHASE1
NCT01703117,50.0,PHASE2
NCT01935024,60.0,
NCT05352763,90.0,PHASE2
NCT01019421,278.0,PHASE2
NCT00691340,0.0,
NCT03828383,78.0,
NCT01436045,12.0,PHASE2
NCT02648672,32.0,PHASE1
NCT00703430,50.0,
NCT02052947,214.0,
NCT02205424,175.0,
NCT06976203,586.0,PHASE3
NCT00305903,150.0,PHASE4
NCT02685787,230.0,
NCT02041728,20.0,
NCT02670993,59.0,
NCT05965414,66.0,EARLY_PHASE1
NCT01715350,151.0,PHASE2
NCT01254773,146.0,PHASE2
NCT01217541,700.0,
NCT00606164,9.0,PHASE2
NCT02403752,20.0,
NCT00438568,173.0,PHASE2
NCT01852110,240.0,PHASE2
NCT01028911,9.0,PHASE1
NCT01504958,22.0,
NCT03531710,34.0,PHASE2
NCT01028053,365.0,PHASE3
NCT06584357,1200.0,
NCT01313806,30.0,
NCT02253043,10.0,
NCT00757939,40.0,PHASE1
NCT00093951,280.0,PHASE2
NCT00857233,297.0,PHASE3
NCT00937352,896.0,PHASE3
NCT01656525,28.0,PHASE1
NCT04141150,130.0,PHASE2
NCT01005862,17.0,PHASE1
NCT02783573,1722.0,PHASE3
NCT01072812,5.0,PHASE1
NCT00381381,199.0,PHASE4
NCT01082965,18.0,
NCT00621010,56.0,PHASE1
NCT01841905,60.0,
NCT01741194,418.0,PHASE2;PHASE3
NCT03307993,3.0,PHASE1
NCT01798199,21.0,
NCT02220738,19.0,PHASE1
NCT00416078,53.0,PHASE2;PHASE3
NCT02899091,24.0,PHASE1;PHASE2
NCT05227118,29.0,PHASE1
NCT01068353,41.0,PHASE2
NCT02022943,500000.0,
NCT01147679,99.0,
NCT00687141,112.0,PHASE1
NCT03432195,66.0,PHASE1
NCT06546995,96.0,PHASE1
NCT02074215,19.0,
NCT00443417,188.0,PHASE2
NCT00490568,1461.0,PHASE3
NCT02079246,1463.0,PHASE3
NCT02380573,117.0,PHASE2
NCT00544856,39.0,
NCT00558402,72.0,PHASE2
NCT02769234,75.0,
NCT02585232,86.0,
NCT00001933,50.0,PHASE2
NCT02778438,30.0,
NCT00594568,1537.0,PHASE3
NCT02820896,74.0,PHASE1
NCT01378195,150.0,PHASE2
NCT02002819,34.0,PHASE2
NCT00334906,75.0,PHASE4
NCT01258452,12.0,PHASE1
NCT00838110,742.0,PHASE3
NCT00713765,33.0,PHASE1
NCT03639987,52.0,PHASE2
NCT02147652,60.0,
NCT03838185,64.0,PHASE1
NCT00306124,120.0,PHASE4
NCT01652222,101.0,
NCT02884492,17.0,PHASE2
NCT01708304,510.0,
NCT00884533,0.0,PHASE1
NCT02750982,24.0,
NCT02423200,16.0,PHASE2
NCT02017340,511.0,PHASE3
NCT01777789,60.0,
NCT00384423,80.0,PHASE2
NCT01782742,20.0,PHASE2
NCT02626572,500.0,PHASE2
NCT01099332,60.0,PHASE1;PHASE2
NCT01179373,45.0,PHASE2
NCT01025466,206.0,PHASE4
NCT02029547,0.0,
NCT06380725,60.0,
NCT02278354,35.0,PHASE1
NCT01253499,31.0,PHASE1
NCT02695004,44.0,PHASE1
NCT01193608,88.0,PHASE1
NCT02176629,60.0,
NCT02300584,42.0,
NCT00120874,20.0,PHASE4
NCT03114657,806.0,PHASE3
NCT01311492,10.0,
NCT03712787,364.0,PHASE2
NCT06402838,245.0,PHASE2
NCT01238991,53.0,PHASE2
NCT05602727,99.0,PHASE2
NCT01677572,197.0,PHASE1
NCT01117818,335.0,PHASE2
NCT01548430,8.0,PHASE1
NCT00867399,30.0,PHASE1
NCT02656498,135.0,PHASE2
NCT00857506,152.0,PHASE2
NCT00814697,12.0,PHASE2
NCT02109705,90.0,
NCT01073228,409.0,PHASE2
NCT05462106,140.0,PHASE1;PHASE2
NCT02756858,21.0,PHASE2
NCT01676935,349.0,PHASE2
NCT00777608,106.0,PHASE1
NCT04761497,90.0,
NCT05738486,1100.0,PHASE3
NCT04396873,184.0,PHASE1
NCT00666445,150.0,
NCT05310071,1027.0,PHASE3
NCT00902499,160.0,
NCT03360552,320.0,
NCT02155946,107.0,
NCT00888056,5.0,PHASE1;PHASE2
NCT06602258,105.0,PHASE2
NCT06508268,208.0,
NCT00182988,140.0,
NCT00880451,0.0,
NCT01227564,63.0,PHASE2
NCT01689233,800.0,PHASE3
NCT01000038,22.0,
NCT02537626,43.0,
NCT01066546,5.0,PHASE3
NCT02346201,200.0,PHASE3
NCT06595511,30.0,
NCT02767609,1.0,
NCT00901498,36.0,PHASE1
NCT00355498,170.0,
NCT06595030,100.0,
NCT00622713,228.0,PHASE4
NCT00637442,30.0,
NCT00749216,33.0,PHASE2
NCT00649220,19.0,PHASE4
NCT01849042,188.0,PHASE4
NCT01322373,120.0,
NCT01409915,44.0,PHASE2
NCT01163825,6.0,PHASE1
NCT04820127,668.0,
NCT06199037,45.0,PHASE2
NCT00549601,142.0,PHASE4
NCT02359864,2.0,
NCT00334568,12.0,PHASE2
NCT01496170,32.0,PHASE1
NCT00842673,168.0,PHASE2
NCT02420756,18488.0,
NCT02142777,15.0,PHASE1
NCT01127633,1457.0,PHASE3
NCT01294540,73.0,PHASE1
NCT00074529,512.0,PHASE2
NCT02989402,100.0,PHASE4
NCT00234637,204.0,PHASE4
NCT01322568,5764.0,
NCT02205710,99.0,
NCT01886820,290.0,PHASE3
NCT03942341,90.0,
NCT02353845,297.0,
NCT02360657,18.0,PHASE1
NCT00809510,63.0,PHASE2
NCT01547169,60.0,PHASE2
NCT01133405,40.0,PHASE1
NCT02792257,84.0,PHASE2
NCT07105709,226.0,PHASE2
NCT00407576,30.0,PHASE1
NCT01465360,160.0,
NCT02064920,36.0,PHASE2
NCT00232570,18.0,
NCT02460783,129.0,
NCT01690195,343.0,PHASE2
NCT01843075,204.0,PHASE2
NCT06088121,158.0,
NCT00689559,52.0,PHASE1
NCT02873546,52.0,
NCT01561053,347.0,PHASE2;PHASE3
NCT00812565,58.0,PHASE2
NCT00810147,209.0,PHASE2
NCT01314950,180.0,
NCT03938870,96.0,
NCT01078636,342.0,
NCT04187547,0.0,PHASE3
NCT01660815,7.0,PHASE1
NCT00990613,19.0,PHASE1
NCT00979446,63.0,
NCT01600469,86.0,PHASE2
NCT01677754,542.0,PHASE2
NCT02524405,345.0,
NCT00991419,25.0,PHASE2
NCT00455000,37.0,PHASE1
NCT04353947,0.0,
NCT02908815,200.0,
NCT00001917,150.0,
NCT03790982,240.0,PHASE2
NCT05423522,72.0,PHASE2
NCT02560753,36.0,PHASE1;PHASE2
NCT00959192,32.0,PHASE2
NCT00235716,613.0,PHASE3
NCT05020106,3200.0,
NCT02021682,58.0,
NCT01687153,289.0,
NCT00870519,2.0,PHASE1
NCT00546767,640.0,
NCT01746706,80.0,
NCT02292238,71.0,PHASE2
NCT02694445,3098.0,
NCT01312363,300.0,
NCT00257673,183.0,PHASE2
NCT01966666,29.0,PHASE1
NCT00555204,337.0,PHASE2
NCT03422250,45.0,
NCT01568086,16.0,
NCT03817684,255.0,PHASE2
NCT01369225,52.0,PHASE1
NCT00736775,56.0,PHASE1
NCT00359944,171.0,PHASE2
NCT01420315,502.0,
NCT03172117,36.0,PHASE1;PHASE2
NCT02377713,20.0,PHASE1
NCT02868905,160.0,
NCT01553929,5.0,
NCT01117181,60.0,PHASE2
NCT02397980,80.0,
NCT02210286,17.0,
NCT05463731,1667.0,PHASE3
NCT02910739,16.0,PHASE1
NCT07071649,40.0,
NCT03061474,46.0,PHASE2
NCT01009255,196.0,PHASE2
NCT01636596,0.0,
NCT00792662,0.0,PHASE4
NCT01348737,72.0,PHASE1
NCT02860065,0.0,PHASE2
NCT01607476,89.0,PHASE2
NCT01779310,1024.0,
NCT00811122,2.0,EARLY_PHASE1
NCT02051764,44.0,PHASE2
NCT02035982,40.0,PHASE3
NCT02711683,92.0,
NCT00164749,36.0,PHASE1;PHASE2
NCT02686190,91.0,
NCT01577394,65.0,PHASE3
NCT05655195,50.0,
NCT04730635,44.0,PHASE1
NCT05888610,10.0,
NCT02119546,19.0,
NCT02670083,813.0,PHASE3
NCT02769000,5.0,
NCT01309763,28.0,PHASE1
NCT00495417,24.0,PHASE1
NCT04305210,70.0,PHASE2
NCT02781220,69.0,
NCT00602680,1.0,PHASE2
NCT00948909,274.0,PHASE2
NCT00412048,0.0,
NCT04603482,328.0,
NCT01876823,60.0,PHASE2;PHASE3
NCT01316562,500.0,
NCT00874939,4.0,PHASE1
NCT01066481,0.0,PHASE2
NCT02557464,14.0,
NCT02228187,240.0,PHASE2
NCT00715858,21.0,PHASE3
NCT06337578,280.0,
NCT02336360,6.0,PHASE1
NCT02690896,41.0,
NCT01867346,2850.0,
NCT02516046,156.0,PHASE3
NCT00388544,128.0,PHASE2
NCT00968097,12.0,PHASE1
NCT05811442,68.0,PHASE2
NCT01482845,20.0,PHASE1
NCT01767311,856.0,PHASE2
NCT01998711,62.0,
NCT00980785,14.0,PHASE4
NCT01565343,25.0,PHASE1
NCT01129596,10238.0,
NCT02836054,30.0,
NCT01921972,232.0,PHASE4
NCT00574132,1331.0,PHASE3
NCT02353949,11.0,PHASE3
NCT02434718,21.0,PHASE1
NCT02000583,117.0,
NCT02537496,36.0,
NCT02719327,131.0,PHASE2;PHASE3
NCT06141356,150.0,
NCT01867372,213.0,
NCT01208675,1150.0,
NCT02754830,72.0,PHASE1
NCT03259958,86.0,PHASE1
NCT00230568,100.0,PHASE4
NCT06079190,367.0,PHASE2
NCT05681819,33.0,PHASE1
NCT01439555,11.0,PHASE2
NCT00976118,34.0,PHASE2
NCT00843518,132.0,PHASE2
NCT00480220,1200.0,
NCT01953601,1454.0,PHASE3
NCT00950430,8000.0,PHASE4
NCT05153941,3500.0,
NCT00785759,78.0,PHASE2
NCT00239746,40.0,PHASE1
NCT01955161,933.0,PHASE3
NCT02500784,0.0,PHASE2
NCT02386306,39.0,PHASE1
NCT00954252,84.0,PHASE1
NCT03456349,60.0,PHASE1
NCT01699503,4005.0,
NCT01614886,216.0,PHASE3
NCT00357357,40.0,PHASE2
NCT02860338,900.0,
NCT00015548,450.0,
NCT02573740,8.0,PHASE1
NCT01715181,75.0,
NCT01447719,110.0,PHASE3
NCT04073628,73.0,
NCT00381238,33.0,PHASE2
NCT01565382,40.0,PHASE3
NCT00733642,15.0,PHASE1
NCT05113732,64.0,
NCT00459550,50.0,PHASE1
NCT01406145,60.0,PHASE1
NCT00219232,868.0,PHASE3
NCT03945968,16000.0,
NCT00934050,103.0,PHASE2
NCT00087789,10.0,PHASE1
NCT03075241,62.0,PHASE3
NCT01137799,47.0,PHASE1
NCT02107599,96.0,PHASE4
NCT00876863,49.0,PHASE2
NCT00408525,41.0,PHASE1
NCT02759159,120.0,
NCT03656042,21.0,PHASE2
NCT02290912,146.0,
NCT02907567,19.0,PHASE1;PHASE2
NCT00624026,107.0,PHASE3
NCT00009217,44.0,PHASE4
NCT02912169,0.0,PHASE1;PHASE2
NCT01018875,242.0,PHASE2
NCT01079819,32.0,PHASE1
NCT06384573,65.0,PHASE3
NCT03672201,187.0,
NCT01374438,29.0,PHASE2
NCT01922258,270.0,PHASE3
NCT00428389,262.0,PHASE3
NCT00495820,60.0,PHASE4
NCT02418806,231.0,
NCT03828747,272.0,PHASE2
NCT00660088,60.0,
NCT02492529,100.0,
NCT01049555,42.0,
NCT02330510,80.0,
NCT02078310,35.0,PHASE1;PHASE2
NCT03884023,300.0,
NCT00611312,25.0,PHASE2
NCT01615666,0.0,
NCT00880412,197.0,PHASE2
NCT02061878,12.0,PHASE1
NCT00099710,33.0,PHASE2
NCT01554683,12.0,
NCT02094729,26.0,PHASE1
NCT05383833,20.0,
NCT04169126,300.0,PHASE2
NCT02654574,299.0,
NCT02742597,175.0,
NCT00468897,50.0,PHASE1
NCT02621606,20.0,PHASE1
NCT02356055,32.0,
NCT00010803,3069.0,PHASE3
NCT00086138,131.0,PHASE2;PHASE3
NCT00104273,376.0,PHASE2
NCT01428453,124.0,PHASE2
NCT00051909,200.0,PHASE2
NCT02010476,58.0,
NCT02127476,57.0,PHASE1
NCT00742417,42.0,PHASE2
NCT02260674,114.0,PHASE2
NCT02137460,721.0,
NCT00477659,14.0,PHASE4
NCT02033941,10.0,PHASE2
NCT01565356,41.0,
NCT02849639,90.0,EARLY_PHASE1
NCT00380276,1000.0,PHASE3
NCT02158910,2231.0,
NCT02685969,570.0,
NCT01661894,82.0,PHASE1
NCT05837819,135.0,
NCT01142336,49.0,PHASE4
NCT01893398,60.0,
NCT01264614,22.0,
NCT00420420,144.0,PHASE2
NCT01978327,12.0,PHASE1
NCT05591027,48.0,PHASE1
NCT01351142,133.0,
NCT03411291,18.0,
NCT01672827,276.0,PHASE3
NCT01730430,40.0,
NCT00693004,236.0,PHASE2
NCT01948791,222.0,PHASE4
NCT02782975,28.0,PHASE1
NCT03113812,24.0,PHASE1
NCT02040987,52.0,PHASE1
NCT01602393,51.0,PHASE2
NCT00647478,693.0,
NCT05267535,225.0,PHASE2;PHASE3
NCT00571025,301.0,
NCT00804271,487.0,PHASE3
NCT05792163,76.0,PHASE1
NCT02245568,913.0,PHASE3
NCT01397539,53.0,PHASE1
NCT00857415,226.0,PHASE3
NCT00315575,90.0,
NCT01745198,121.0,
NCT00205621,50.0,PHASE1
NCT00869817,700.0,
NCT05658913,100.0,
NCT05476783,180.0,PHASE2
NCT00586430,36.0,
NCT06322667,5000.0,
NCT02546310,54.0,PHASE1
NCT02380703,239.0,
NCT02814045,144.0,
NCT01126099,20.0,
NCT01547689,30.0,PHASE1;PHASE2
NCT00260624,20.0,PHASE4
NCT01192529,184.0,
NCT01920672,82.0,
NCT06234930,27.0,
NCT02928211,105.0,PHASE1
NCT05074498,154.0,PHASE1;PHASE2
NCT00606476,194.0,PHASE2
NCT02522091,178.0,
NCT00921297,122.0,
NCT01211782,0.0,PHASE2;PHASE3
NCT02600130,33.0,PHASE1
NCT03625128,36.0,EARLY_PHASE1
NCT02520232,139.0,
NCT00151333,16.0,PHASE2
NCT02941289,64.0,
NCT02925650,18.0,PHASE1;PHASE2
NCT01992380,24.0,PHASE1
NCT01058941,67.0,PHASE1;PHASE2
NCT01172145,22.0,PHASE3
NCT02031198,25.0,PHASE1
NCT00202124,12.0,PHASE4
NCT02916056,297.0,PHASE3
NCT02438202,15.0,
NCT01766336,296.0,PHASE2
NCT01303744,96.0,PHASE2
NCT03269149,60.0,
NCT01198093,800.0,
NCT01467726,40.0,PHASE1
NCT00550420,331.0,PHASE3
NCT00013182,90.0,
NCT03233646,2000.0,
NCT02709356,20.0,
NCT00338117,554.0,PHASE3
NCT02562989,13.0,PHASE1
NCT00814346,49.0,PHASE2
NCT02221947,9.0,PHASE1;PHASE2
NCT00933608,17.0,PHASE4
NCT01492374,40.0,PHASE1
NCT00104442,80.0,PHASE4
NCT02063269,70.0,
NCT00142805,152.0,PHASE2
NCT03441516,79.0,PHASE4
NCT00702143,184.0,PHASE2
NCT04973189,63.0,PHASE1
NCT00142324,190.0,PHASE4
NCT01097096,177.0,PHASE2
NCT00692588,58.0,
NCT00476008,60.0,PHASE4
NCT01354691,200.0,PHASE2
NCT01221259,60.0,PHASE1
NCT02741505,0.0,
NCT02279511,20.0,PHASE2
NCT01549834,434.0,PHASE2
NCT00829816,46.0,PHASE1
NCT00329082,25.0,PHASE2
NCT00165724,114.0,PHASE4
NCT04426539,7000.0,
NCT06784830,200.0,
NCT02778971,41.0,
NCT00348309,1496.0,
NCT02359552,50.0,PHASE2
NCT02972658,421.0,PHASE3
NCT00309725,139.0,PHASE3
NCT01249196,256.0,PHASE3
NCT01466088,386.0,PHASE2
NCT01380288,300.0,
NCT00679627,2051.0,PHASE3
NCT02167256,159.0,PHASE2
NCT02484547,1643.0,PHASE3
NCT02349191,25.0,
NCT00056524,600.0,PHASE3
NCT00499200,42.0,PHASE1
NCT00348192,200.0,PHASE2
NCT04850053,1500.0,
NCT02004392,348.0,PHASE3
NCT02506374,0.0,
NCT00244322,45.0,PHASE2
NCT06964230,376.0,PHASE2;PHASE3
NCT06868030,120.0,
NCT01478633,102.0,PHASE4
NCT01862640,433.0,PHASE3
NCT00469456,265.0,PHASE4
NCT01120002,50.0,PHASE2
NCT01819545,300.0,
NCT00838877,26.0,PHASE1
NCT05332678,0.0,PHASE2
NCT00013650,60.0,PHASE1
NCT00675090,28.0,PHASE1
NCT00205179,72.0,PHASE2
NCT02580305,564.0,PHASE2
NCT00172900,40.0,
NCT01148498,55.0,PHASE2
NCT01713816,52.0,
NCT04137926,360.0,
NCT02114372,1136.0,
NCT02431468,147.0,PHASE2
NCT02795780,79.0,PHASE2
NCT00889603,370.0,
NCT06548191,60.0,PHASE1
NCT00539305,22.0,PHASE3
NCT01867775,30.0,PHASE3
NCT02080364,880.0,PHASE3
NCT02947893,42.0,PHASE2
NCT02686216,24.0,PHASE1
NCT02256306,18.0,
NCT02423122,16.0,PHASE2
NCT01979419,500.0,
NCT01883648,21.0,PHASE2;PHASE3
NCT02365051,582.0,
NCT02278367,179.0,PHASE2
NCT00890890,263.0,PHASE2
NCT02006641,858.0,PHASE3
NCT02246075,0.0,PHASE2
NCT02791191,316.0,PHASE2
NCT00580931,50.0,PHASE1;PHASE2
NCT00259467,60.0,PHASE1
NCT00759863,242.0,PHASE2
NCT05040048,220.0,
NCT00585572,9999.0,
NCT02789800,284.0,
NCT01324518,100.0,PHASE2
NCT00704782,50.0,PHASE2
NCT00100282,125.0,PHASE1
NCT00105105,160.0,PHASE2
NCT02260167,25.0,
NCT00766363,49.0,PHASE1
NCT02089555,135.0,
NCT02016560,383.0,PHASE2;PHASE3
NCT06206824,120.0,PHASE1
NCT01900665,2129.0,PHASE3
NCT01119638,40.0,PHASE4
NCT01894620,11.0,
NCT01320527,135.0,PHASE2
NCT00886951,2.0,PHASE1
NCT01958437,44.0,
NCT04666077,100.0,
NCT00149175,2256.0,
NCT02363504,70.0,
NCT01723826,360.0,PHASE2
NCT02864303,88.0,
NCT05804383,50.0,PHASE1
NCT02439099,200.0,
NCT01924858,4.0,PHASE1
NCT01023425,72.0,
NCT06862557,48.0,
NCT01859767,6.0,PHASE1
NCT00908999,60.0,
NCT01454115,116.0,PHASE1
NCT01928420,30.0,PHASE2
NCT00203359,15.0,PHASE1
NCT01724151,60.0,
NCT01315704,700.0,
NCT02063308,6.0,
NCT02848404,20.0,
NCT05978830,100.0,
NCT01739348,2211.0,PHASE2;PHASE3
NCT00566397,402.0,PHASE2
NCT00945672,36.0,PHASE2
NCT02964611,120.0,
NCT00675623,598.0,PHASE3
NCT00454870,80.0,PHASE2
NCT05596994,24.0,
NCT01703702,641.0,PHASE4
NCT02051790,241.0,PHASE4
NCT02227953,20.0,
NCT02576639,124.0,PHASE2
NCT02550665,176.0,PHASE3
NCT06477484,180.0,
NCT00829374,1003.0,PHASE3
NCT05744401,198.0,PHASE2
NCT02912936,40.0,
NCT07094516,407.0,PHASE2
NCT01982578,27.0,
NCT01397578,91.0,PHASE2
NCT01343966,448.0,PHASE2
NCT00413621,40.0,
NCT04867616,466.0,PHASE2
NCT00954616,636.0,
NCT02129348,77.0,PHASE2
NCT00575055,1121.0,PHASE3
NCT02262975,532.0,
NCT00217763,930.0,PHASE3
NCT05176704,250.0,
NCT00348140,1468.0,PHASE3
NCT00721383,211.0,
NCT01190800,400.0,
NCT06043700,2000.0,
NCT01253122,24.0,PHASE1
NCT00751907,16.0,PHASE2
NCT00621647,333.0,PHASE3
NCT02792179,4.0,PHASE1
NCT00299988,24.0,PHASE2
NCT02166827,1.0,
NCT00800709,26.0,PHASE4
NCT05350410,20.0,
NCT01565369,35.0,
NCT01403519,70.0,
NCT01137526,267.0,PHASE2
NCT00750529,15.0,PHASE1
NCT04271163,6.0,PHASE1;PHASE2
NCT01227252,42.0,PHASE1
NCT01399125,501.0,PHASE3
NCT00940589,73.0,PHASE2
NCT00596024,3.0,PHASE2
NCT01325259,54.0,PHASE2
NCT00678431,27.0,PHASE3
NCT01734395,1882.0,
NCT00165750,40.0,PHASE4
NCT01626391,9.0,PHASE2
NCT00711321,23.0,
NCT02353884,150.0,
NCT02534480,40.0,PHASE1
NCT01424436,19.0,PHASE1
NCT02120664,35.0,PHASE1
NCT01459016,56.0,PHASE1
NCT00711139,22.0,
NCT02640092,72.0,PHASE1
NCT00714571,82.0,PHASE1
NCT02586909,1099.0,PHASE3
NCT06245616,80.0,
NCT00377715,183.0,PHASE2
NCT01775696,125.0,
NCT02097056,171.0,PHASE4
NCT06833281,24.0,PHASE2
NCT01035138,180.0,PHASE3
NCT00265148,80.0,PHASE2
NCT02327182,117.0,PHASE3
NCT00087724,510.0,PHASE2
NCT01969123,474.0,PHASE3
NCT01421056,74.0,PHASE2
NCT00130429,250.0,PHASE2
NCT01189084,14.0,
NCT00722046,198.0,PHASE2
NCT00777361,9.0,PHASE1
NCT00082602,83.0,PHASE3
NCT00375557,0.0,PHASE4
NCT00663936,373.0,PHASE2
NCT00411580,58.0,PHASE1
NCT00762411,1111.0,PHASE3
NCT00245206,406.0,PHASE4
NCT01764243,450.0,PHASE2
NCT00211159,204.0,
NCT03668405,18.0,PHASE1
NCT03056729,46.0,PHASE1
NCT03140865,850.0,
NCT00001480,750.0,
NCT02130661,0.0,PHASE1
NCT01476228,100.0,
NCT00973518,160.0,
NCT01559220,3.0,
NCT02921672,30.0,
NCT05619692,174.0,PHASE2
NCT02141971,12.0,
NCT01592552,20.0,
NCT01689948,17.0,
NCT00633841,24.0,PHASE1
NCT01727622,102.0,
NCT01529619,52.0,PHASE4
NCT02761707,54.0,
NCT00056225,340.0,PHASE3
NCT00319891,6.0,PHASE1
NCT02309723,315.0,
NCT02185053,41.0,PHASE2
NCT00478205,1467.0,PHASE3
NCT01125631,8.0,PHASE1
NCT02910102,38.0,PHASE2
NCT05908695,1312.0,PHASE4
NCT00825084,45.0,PHASE1
NCT00838084,61.0,PHASE1
NCT00862940,277.0,PHASE4
NCT01255163,57.0,PHASE2
NCT01297114,294.0,
NCT03325205,19.0,
NCT06653153,1400.0,PHASE3
NCT00988598,15.0,PHASE1
NCT04308304,27.0,PHASE1
NCT02579252,208.0,PHASE2
NCT00654563,12.0,
NCT02384993,24.0,
NCT01423396,304.0,
NCT01965756,20.0,PHASE2
NCT01093664,20.0,PHASE1
NCT01940952,210.0,PHASE3
NCT01832350,34.0,PHASE4
NCT01428362,61.0,PHASE2
NCT02244541,32.0,PHASE2
NCT00439166,100.0,PHASE3
NCT02474251,38.0,
NCT01735630,350.0,PHASE2
NCT04174287,300.0,PHASE2
NCT00001235,1500.0,
NCT00987090,240.0,
NCT03503669,100.0,
NCT00939822,88.0,PHASE2
NCT01023867,88.0,
NCT05578443,66.0,PHASE2
NCT02054208,46.0,PHASE1;PHASE2
NCT00083421,647.0,PHASE2
NCT01463384,13.0,PHASE2
NCT01251718,894.0,
NCT00224497,380.0,PHASE2
NCT02467413,0.0,PHASE2
NCT01527916,438.0,PHASE2
NCT02880956,453.0,PHASE2
NCT01329536,50.0,
NCT01224106,799.0,PHASE3
NCT01505504,22.0,
NCT06338397,120.0,
NCT04769024,56.0,
NCT00954369,24.0,EARLY_PHASE1
NCT01142258,40.0,PHASE3
NCT02521558,30.0,
NCT01560585,3.0,PHASE1;PHASE2
NCT00939783,649.0,PHASE3
NCT00090402,39.0,PHASE1;PHASE2
NCT02222181,55.0,
NCT00898807,186.0,PHASE3
NCT00731224,380.0,PHASE4
NCT00090116,400.0,PHASE3
NCT00880347,550.0,
NCT06183658,1400.0,
NCT01238458,150.0,PHASE2
NCT03491150,149.0,PHASE3
NCT00239759,2000.0,
NCT00001662,40.0,PHASE2
NCT00753662,45.0,PHASE2
NCT04926272,50.0,PHASE2
NCT00744978,66.0,PHASE2
NCT06833645,280.0,
NCT01295957,135.0,PHASE4
NCT02350634,3.0,PHASE1
NCT01075763,42.0,PHASE2
NCT01094340,20.0,PHASE2;PHASE3
NCT00988624,20.0,PHASE1
NCT01362686,200.0,
NCT00684281,60.0,
NCT02752750,50.0,
NCT01055561,30.0,PHASE1
NCT02006654,734.0,PHASE3
NCT00672945,420.0,PHASE2
NCT00001972,123.0,
NCT02968875,54.0,
NCT00975481,36.0,PHASE1
NCT02672306,16.0,PHASE1;PHASE2
NCT00966017,108.0,
NCT01504854,119.0,PHASE2
NCT01716637,12.0,PHASE1
NCT00259480,272.0,PHASE3
NCT01595646,37.0,PHASE2
NCT00369603,4.0,PHASE4
NCT00100334,24.0,PHASE1;PHASE2
NCT02389413,120.0,PHASE2
NCT01024660,155.0,EARLY_PHASE1
NCT00246896,220.0,
NCT00904683,1040.0,PHASE3
NCT01998841,252.0,PHASE2
NCT01953705,102.0,PHASE2
NCT01202994,27.0,PHASE2
NCT00627029,18277.0,
NCT00423085,859.0,PHASE3
NCT02005380,20.0,
NCT00190372,240.0,
NCT04368572,60.0,
NCT01354444,29.0,PHASE4
NCT01350362,306.0,PHASE2
NCT01594346,349.0,PHASE3
NCT00965588,19.0,PHASE1
NCT01885806,40.0,PHASE2
NCT02649985,105.0,PHASE1;PHASE2
NCT02462161,24.0,PHASE1
NCT01554202,295.0,
NCT01385033,20.0,PHASE1
NCT00857649,369.0,PHASE3
NCT02708485,15.0,
NCT00628017,46.0,
NCT00930059,191.0,PHASE2
NCT02710188,14.0,PHASE1
NCT01638949,242.0,
NCT00607308,20.0,PHASE1
NCT06850597,30.0,PHASE2
NCT02350127,88.0,PHASE2;PHASE3
NCT00523666,20.0,PHASE4
NCT01481558,40.0,PHASE2
NCT01864655,24.0,PHASE1
NCT03740178,0.0,PHASE1
NCT00733785,60.0,PHASE1
NCT01826110,21.0,PHASE1
NCT02551809,43.0,PHASE2
NCT05607615,90.0,PHASE2
NCT00646269,640.0,PHASE3
NCT01969136,403.0,PHASE3
NCT00710684,682.0,PHASE2
NCT06596278,9.0,
NCT01421420,900.0,
NCT02840279,77.0,PHASE1
NCT01658722,169.0,
NCT02162264,8662.0,
NCT01903421,500.0,
NCT01609348,5.0,
NCT01630525,83.0,
NCT06810960,3000.0,
NCT03710642,35.0,PHASE2
NCT06285240,28.0,PHASE1
NCT01128361,76.0,
NCT01315639,1067.0,
NCT00884507,389.0,PHASE2
NCT02471833,61.0,PHASE1;PHASE2
NCT02772185,60.0,PHASE2;PHASE3
NCT00065689,107.0,PHASE3
NCT03594123,259.0,PHASE3
NCT01314131,48.0,
NCT02664584,5186.0,
NCT00448318,180.0,PHASE2;PHASE3
NCT02615002,371.0,PHASE2
NCT01537757,12.0,PHASE1
NCT00684944,111.0,PHASE2
NCT00106899,818.0,
NCT06530732,60.0,PHASE3
NCT00459355,254.0,PHASE1
NCT01325662,11.0,
NCT00698165,2400.0,
NCT01825317,32.0,
NCT00021723,375.0,PHASE2
NCT01689246,891.0,PHASE3
NCT00401167,31.0,PHASE4
NCT01152216,672.0,PHASE3
NCT00927108,0.0,PHASE2
NCT02547818,620.0,PHASE3
NCT02772523,409.0,
NCT00231946,555.0,PHASE3
NCT02477800,1653.0,PHASE3
NCT00531804,60.0,PHASE1
NCT01478204,925.0,
NCT00931073,24.0,PHASE1
NCT02291783,108.0,PHASE1
NCT01485302,48.0,PHASE1
NCT00095719,125.0,PHASE3
NCT01847586,49.0,
NCT00478491,390.0,
NCT01555827,200.0,
NCT02198586,575.0,
NCT01548053,55.0,
NCT02051244,60.0,
NCT02079909,482.0,PHASE2
NCT00795418,31.0,PHASE2
NCT00692510,18.0,PHASE1
NCT00287742,33.0,PHASE3
NCT05048966,360.0,
NCT05787028,70.0,PHASE1
NCT01993628,80.0,
NCT00479843,946.0,
NCT03856359,10.0,PHASE2
NCT00551772,12.0,PHASE1
NCT00001549,600.0,
NCT02537938,24.0,PHASE1
NCT02471196,308.0,PHASE2
NCT02472899,115.0,
NCT03316898,0.0,PHASE1
NCT01600859,65.0,PHASE1
NCT00900770,100.0,
NCT04248270,100.0,PHASE1;PHASE2
NCT00012831,120.0,
NCT00097916,34.0,PHASE3
NCT00001178,597.0,
NCT01574456,39.0,
NCT01617577,8.0,PHASE1;PHASE2
NCT03352557,654.0,PHASE2
NCT02760602,26.0,PHASE3
NCT00951834,21.0,PHASE2;PHASE3
NCT06976216,586.0,PHASE3
NCT00948766,716.0,PHASE4
NCT01825330,131.0,
NCT00483028,38.0,
NCT00827034,14.0,PHASE1
NCT05519137,14.0,
NCT03438604,24.0,PHASE1
NCT00094952,80.0,
NCT06191952,500.0,
NCT03044249,81.0,PHASE2
NCT04055376,15.0,
NCT07066826,720.0,PHASE2;PHASE3
NCT03024944,0.0,PHASE2
NCT03611439,50.0,
NCT02317523,151.0,
NCT05606341,15.0,PHASE1
NCT03538522,126.0,PHASE2
NCT03724136,100.0,
NCT03955380,24.0,PHASE1
NCT03923712,98.0,
NCT03507192,60.0,
NCT03537729,172.0,
NCT03132272,11.0,
NCT03926520,50.0,
NCT02833792,40.0,PHASE2
NCT03255720,40.0,
NCT05767580,50.0,
NCT04058886,57.0,
NCT03661034,20.0,
NCT02951559,250.0,PHASE4
NCT03587012,30.0,
NCT05817188,100000.0,
NCT07152418,120.0,
NCT03748303,12.0,PHASE1
NCT07140601,500.0,
NCT06635252,2000.0,
NCT04031469,1000.0,
NCT03899844,1122.0,
NCT05113732,64.0,
NCT02267486,972.0,
NCT04838301,200.0,PHASE2
NCT03699644,16.0,
NCT03466177,320.0,
NCT03641768,0.0,
NCT03617497,78.0,
NCT03718494,299.0,
NCT03011723,11.0,
NCT03602391,20.0,
NCT04665622,70.0,
NCT03548584,345.0,PHASE3
NCT03360019,13.0,
NCT03811847,11.0,PHASE4
NCT04730440,8.0,
NCT05497817,0.0,
NCT03584568,154.0,
NCT03275363,500.0,
NCT04289402,11.0,
NCT03875638,85.0,PHASE2
NCT03944460,40.0,PHASE1
NCT05542953,230.0,PHASE3
NCT06489548,16.0,PHASE2
NCT02284906,40.0,PHASE3
NCT04141150,130.0,PHASE2
NCT06379594,200.0,
NCT05399888,416.0,PHASE2
NCT05582941,48.0,
NCT01931566,3494.0,PHASE3
NCT06182085,304.0,PHASE2
NCT04711486,19.0,PHASE1
NCT06292351,133.0,PHASE2
NCT05232526,105.0,
NCT04749563,12.0,PHASE1
NCT05893524,550.0,
NCT04315337,16.0,
NCT04491006,77.0,PHASE2
NCT05516134,51.0,
NCT04969796,110.0,
NCT03875326,269.0,
NCT05052450,1000.0,
NCT06292741,120.0,
NCT05923307,450.0,
NCT05336695,30.0,PHASE1;PHASE2
NCT05860127,133.0,
NCT06378372,20.0,
NCT03556280,60.0,
NCT06719453,9663.0,
NCT04550975,32.0,
NCT05394584,129.0,
NCT04956549,144.0,
NCT05637801,670.0,
NCT04863495,600.0,
NCT05785910,14.0,
NCT04682535,37.0,
NCT04313582,20.0,
NCT04828434,34.0,
NCT05524181,50.0,
NCT05973448,335.0,
NCT04555629,32.0,
NCT06245031,402.0,
NCT04680013,4884.0,
NCT04851691,158.0,
NCT04240561,20.0,
NCT04863859,360.0,
NCT05586750,341.0,PHASE4
NCT04428112,418.0,
NCT00190021,80.0,PHASE3
NCT04699786,450.0,
NCT03246269,334.0,
NCT05796037,1500000.0,
NCT03875638,85.0,PHASE2
NCT04488419,554.0,PHASE2;PHASE3
NCT05267028,16.0,
NCT05254873,7.0,
NCT02187276,129.0,
NCT04449926,49.0,PHASE2
NCT01773915,20.0,
NCT06448403,60.0,
NCT06203106,10000.0,
NCT03661034,20.0,
NCT05183516,50.0,PHASE1;PHASE2
NCT05138848,116.0,EARLY_PHASE1
NCT05655195,50.0,
NCT03149380,0.0,
NCT04100889,0.0,
NCT02958930,8.0,
NCT05637801,670.0,
NCT03300726,35.0,
NCT06078891,60.0,EARLY_PHASE1
NCT03653156,100000.0,
NCT04680013,4884.0,
NCT04270474,344.0,
NCT04263194,60.0,
NCT03927040,7.0,
NCT06765434,54.0,
NCT03153371,180.0,
NCT05407272,60.0,
NCT06561906,1000.0,
NCT07089303,750.0,
NCT06556966,66.0,PHASE1
NCT06159673,1074.0,PHASE2;PHASE3
NCT06194799,752.0,PHASE3
NCT06793995,26.0,PHASE1
NCT02035553,181.0,PHASE2
NCT06923007,74.0,
NCT05395624,65.0,PHASE1;PHASE2
NCT03518073,360.0,PHASE2
NCT06620640,105.0,
NCT07099001,150.0,
NCT07051239,105.0,
NCT06831812,16.0,PHASE1
NCT07146412,200.0,
NCT04055532,0.0,
NCT06797817,156.0,PHASE3
NCT07152418,120.0,
NCT07127510,20.0,
NCT07163923,60.0,
NCT04031469,1000.0,
NCT07142278,24.0,PHASE1
NCT04566003,40.0,PHASE1
NCT03030586,821.0,
NCT07069530,25.0,
NCT06770309,100.0,
NCT07114224,70.0,
NCT07135245,180.0,PHASE2
NCT07091747,61.0,PHASE1;PHASE2
NCT06619795,23.0,
NCT07034222,80.0,PHASE4
NCT06843824,120.0,
NCT04715399,1000.0,
NCT06671236,12.0,PHASE1
NCT01972204,125.0,
NCT05397639,375.0,PHASE3
NCT01404169,260.0,PHASE3
NCT01276353,45.0,PHASE2
NCT03732053,135.0,
NCT01539031,351.0,PHASE3
NCT02020356,35.0,
NCT04462029,18.0,EARLY_PHASE1
NCT06072014,30.0,
NCT05606445,280.0,
NCT04315337,16.0,
NCT03967535,30.0,
NCT03100617,6.0,
NCT05328115,33.0,PHASE1
NCT03472482,85.0,
NCT05847153,13.0,
NCT05669365,1227.0,
NCT04073225,24.0,
NCT05943925,240.0,
NCT06631144,270.0,
NCT06508268,208.0,
NCT04058886,57.0,
NCT04531956,40.0,
NCT03943641,400000.0,
NCT05529277,93.0,
NCT05260515,138.0,PHASE1;PHASE2
NCT06224725,1700.0,
NCT05967390,488.0,
NCT04308512,100.0,PHASE1;PHASE2
NCT03907748,864.0,
NCT05245903,40.0,
NCT03556280,60.0,
NCT05023564,20000.0,
NCT03597360,4.0,
NCT03593941,60.0,
NCT03672279,100.0,
NCT03403257,634.0,
NCT05637801,670.0,
NCT05827276,60.0,
NCT06993207,500.0,
NCT05265182,30.0,
NCT03631069,280000.0,
NCT04786561,11000.0,
NCT04313582,20.0,
NCT04828434,34.0,
NCT03378245,16.0,
NCT05315895,100000.0,
NCT03682874,5.0,
NCT05973448,335.0,
NCT05187819,300.0,
NCT06245031,402.0,
NCT04851691,158.0,
NCT06396377,24.0,
NCT06471660,250.0,
NCT04863859,360.0,
NCT04428112,418.0,
NCT05722743,76.0,
NCT04948866,442.0,
NCT04871698,140.0,
NCT05165186,150.0,
NCT04645017,22.0,
NCT06704971,25.0,
NCT03246269,334.0,
NCT06047340,30.0,
NCT04117178,132.0,PHASE4
NCT04924361,2000.0,
NCT06217237,400.0,
NCT06445894,36.0,
NCT03444181,136.0,
NCT06639282,105.0,PHASE2
NCT02531360,7.0,EARLY_PHASE1
NCT01231971,1182.0,
NCT06114745,2.0,PHASE1
NCT02370524,16.0,PHASE1
NCT02503501,49.0,PHASE2
NCT07166744,286.0,
NCT05771428,263.0,PHASE2
NCT05592678,200.0,
NCT04570761,30.0,
NCT02832921,200.0,
NCT02854033,2000.0,
NCT02593318,32.0,PHASE1
NCT02264899,332.0,
NCT05558709,120.0,
NCT03802162,60.0,PHASE1
NCT06999434,105.0,PHASE1
NCT06891716,45.0,EARLY_PHASE1
NCT02681172,218.0,PHASE4
NCT05291234,106.0,PHASE2
NCT06489015,30.0,EARLY_PHASE1
NCT02103894,16.0,PHASE1
NCT01780519,57.0,PHASE1
NCT05059158,60.0,
NCT01993836,191.0,PHASE4
NCT05269394,197.0,PHASE2;PHASE3
NCT06489548,16.0,PHASE2
NCT03131453,1145.0,PHASE2;PHASE3
NCT05552157,280.0,PHASE2;PHASE3
NCT05891496,24.0,PHASE3
NCT05256134,25.0,PHASE3
NCT01760005,490.0,PHASE2;PHASE3
NCT06996730,240.0,PHASE2;PHASE3
NCT04639050,285.0,PHASE1;PHASE2
NCT00439010,30.0,PHASE1
NCT07073066,754.0,
NCT01469351,34.0,
NCT06856681,800.0,
NCT01723488,12.0,EARLY_PHASE1
NCT02409082,400.0,
NCT01946243,96.0,PHASE4
NCT06424236,73.0,PHASE2;PHASE3
NCT06484244,10.0,
NCT00448799,30.0,PHASE1
NCT01479855,180.0,
NCT06647498,280.0,PHASE2;PHASE3
NCT00456417,30.0,PHASE1
NCT07058129,814.0,
NCT05097131,29.0,
NCT04623242,194.0,PHASE2;PHASE3
NCT01733355,11.0,EARLY_PHASE1
NCT01642420,115.0,
NCT04023994,36.0,PHASE1
NCT02565511,480.0,PHASE2;PHASE3
NCT00911690,102.0,
NCT06895525,60.0,
NCT05644977,17.0,PHASE1
NCT05399888,416.0,PHASE2
NCT02667665,240.0,
NCT01513967,39.0,PHASE1;PHASE2
NCT04779866,20.0,
NCT04937959,40.0,
NCT04840173,60.0,
NCT04928690,140.0,
NCT04951284,42.0,
NCT04928976,67.0,
NCT05655195,50.0,
NCT05643144,62.0,
NCT05040321,50.0,PHASE1;PHASE2
NCT04846426,67.0,
NCT04851496,80.0,
NCT07016178,400.0,
NCT03333837,104.0,
NCT06565169,120.0,
NCT03218982,11.0,
NCT04828122,141.0,
NCT01795339,47.0,PHASE1
NCT05269394,197.0,PHASE2;PHASE3
NCT05552157,280.0,PHASE2;PHASE3
NCT01760005,490.0,PHASE2;PHASE3
NCT06424236,73.0,PHASE2;PHASE3
NCT06647498,280.0,PHASE2;PHASE3
NCT04623242,194.0,PHASE2;PHASE3
NCT04341467,76.0,
NCT01329601,24.0,PHASE4
NCT02707458,23.0,PHASE1;PHASE2
NCT06736509,139.0,PHASE3
NCT03393520,601.0,PHASE3
NCT04464564,241.0,PHASE3
NCT03226522,366.0,PHASE2;PHASE3
NCT02446132,1197.0,PHASE3
NCT02442765,387.0,PHASE3
NCT04408755,184.0,PHASE3
NCT04947553,456.0,PHASE3
NCT04797715,178.0,PHASE3
NCT05231785,60.0,PHASE1
NCT06539169,1000.0,
NCT02553928,62.0,PHASE4
NCT07143734,40.0,PHASE2
NCT04113967,40.0,
NCT03070821,30.0,
NCT04031469,1000.0,
NCT03221296,29.0,
NCT03672201,187.0,
NCT06330155,20.0,
NCT07115251,160.0,PHASE2
NCT07093684,200000.0,
NCT07159542,90.0,
NCT05911932,1000.0,
NCT03884647,335.0,
NCT03806478,60.0,PHASE2
NCT05469009,15.0,EARLY_PHASE1
NCT04100889,0.0,
NCT06039267,90.0,
NCT05637801,670.0,
NCT05078944,240.0,
NCT03806478,60.0,PHASE2
NCT04100889,0.0,
NCT05637801,670.0,
NCT03806478,60.0,PHASE2
NCT05969054,140.0,PHASE4
NCT04100889,0.0,
NCT05637801,670.0,
NCT02963415,39.0,
NCT06033066,44844.0,
NCT02045056,72.0,EARLY_PHASE1
NCT04468659,1400.0,PHASE3
NCT07158905,48.0,PHASE1
NCT04937959,40.0,
NCT04951284,42.0,
NCT03370744,300.0,
NCT04928976,67.0,
NCT06544616,498.0,PHASE2
NCT04846426,67.0,
NCT07167966,375.0,PHASE2
NCT06416072,1000.0,
NCT04851496,80.0,
NCT04004767,220.0,
NCT06957418,750.0,PHASE2
NCT04828122,141.0,
NCT05468268,40.0,
NCT07037550,272.0,
NCT06613971,50.0,
NCT00192816,60.0,
NCT07115251,160.0,PHASE2
NCT06718686,20.0,PHASE1;PHASE2
NCT06597942,54.0,PHASE1;PHASE2
NCT07064226,102.0,
NCT06965062,10.0,
NCT07072962,15.0,
NCT06826157,175.0,
NCT06670820,80.0,
NCT05811000,312.0,PHASE2;PHASE3
NCT04430517,50.0,EARLY_PHASE1
NCT06639282,105.0,PHASE2
NCT00867828,175.0,PHASE4
NCT02875496,2000.0,
NCT03507257,850.0,
NCT06996730,240.0,PHASE2;PHASE3
NCT04002583,20.0,
NCT03634007,15.0,PHASE1;PHASE2
NCT01400542,22.0,
NCT03923517,20.0,
NCT05406648,44.0,
NCT04122001,90.0,
NCT06750432,128.0,PHASE1
NCT06268886,310.0,PHASE2
NCT04661280,240.0,PHASE3
NCT05604183,80.0,
NCT00909285,20.0,
NCT04042532,70.0,
NCT03069391,31.0,
NCT07047963,40.0,
NCT05983575,220.0,PHASE3
NCT06203106,10000.0,
NCT06814730,15.0,PHASE1
NCT03661034,20.0,
NCT05385913,200.0,
NCT03625401,55.0,PHASE2
NCT05754021,100.0,
NCT05229978,23.0,
NCT06688968,120.0,
NCT03923569,62.0,
NCT04804618,650.0,
NCT05655195,50.0,
NCT04100889,0.0,
NCT04150198,45.0,
NCT04390646,56.0,PHASE2;PHASE3
NCT05573490,60.0,
NCT06668610,50.0,
NCT04552795,12.0,PHASE1;PHASE2
NCT05989087,51.0,
NCT06377241,20.0,
NCT05637801,670.0,
NCT05882344,2.0,
NCT04427436,100.0,
NCT05006599,0.0,PHASE2
NCT06099587,50.0,
NCT07036328,62.0,
NCT05052866,18.0,
NCT03508024,220.0,
NCT05315895,100000.0,
NCT04680013,4884.0,
NCT04685590,48.0,PHASE2
NCT04733989,1002.0,
NCT06080659,120.0,
NCT04916964,12.0,
NCT03784300,24.0,PHASE1
NCT03514875,0.0,
NCT04500847,35.0,PHASE1
NCT04656860,150.0,
NCT05570370,120.0,
NCT03153371,180.0,
NCT06600880,6.0,PHASE1
NCT03706885,5.0,PHASE1
NCT07107074,122.0,PHASE2
NCT02740634,60.0,
NCT04701957,70.0,
NCT04798989,12.0,PHASE2
NCT06276023,82.0,
NCT06335953,360.0,
NCT04481568,158.0,
NCT01498263,682.0,
NCT05825404,51.0,
NCT05942040,293.0,
NCT05255068,111.0,
NCT04457973,40.0,
NCT05877391,80.0,
NCT03848312,7600.0,PHASE3
NCT04179721,54.0,
NCT04857060,10802.0,
NCT06421545,12.0,
NCT05719077,120.0,
NCT07105956,8.0,
NCT06922188,2460.0,
NCT07086261,70.0,
NCT06843109,100.0,
NCT06874621,52.0,PHASE1;PHASE2
NCT06995638,130.0,
NCT06898424,60.0,
NCT06924359,200.0,
NCT06953167,600.0,
NCT06883461,120.0,
NCT06965062,10.0,
NCT06934720,100.0,PHASE1;PHASE2
NCT02256072,385.0,
NCT06792877,100.0,
NCT06058234,8680.0,
NCT04075435,12.0,EARLY_PHASE1
NCT06618807,60.0,
NCT06792877,100.0,
NCT06767124,17.0,
NCT06224205,3150.0,
NCT07120347,16.0,
NCT05231954,5325.0,
NCT06112860,50.0,
NCT06860828,350.0,
NCT07087951,70.0,
NCT02833870,150.0,
NCT01926249,2325.0,
NCT02164643,448.0,PHASE3
NCT00322153,677.0,PHASE3
NCT02434666,21.0,PHASE2
NCT01297218,9.0,PHASE1
NCT06803823,90.0,PHASE2
NCT06079203,19200.0,
NCT07040904,60.0,
NCT06033066,44844.0,
NCT06861231,20.0,
NCT03486938,164.0,PHASE2;PHASE3
NCT04937959,40.0,
NCT05462106,140.0,PHASE1;PHASE2
NCT04951284,42.0,
NCT04240665,20.0,
NCT02910739,16.0,PHASE1
NCT04928976,67.0,
NCT01953601,1454.0,PHASE3
NCT05986721,0.0,PHASE2
NCT04992975,40.0,
NCT05934188,200.0,
NCT06105320,40.0,
NCT05349318,100.0,
NCT04846426,67.0,
NCT07167966,375.0,PHASE2
NCT04029623,66.0,
NCT04851496,80.0,
NCT04004767,220.0,
NCT03234686,81.0,PHASE2
NCT06957418,750.0,PHASE2
NCT04828122,141.0,
NCT04122001,90.0,
NCT02740634,60.0,
NCT02703636,118.0,PHASE4
NCT03625622,210.0,PHASE2
NCT03867253,24.0,PHASE2
NCT06008639,80.0,
NCT03507790,153.0,PHASE2
NCT01039701,99.0,PHASE2
NCT05189210,199.0,PHASE2
NCT03069014,242.0,PHASE1;PHASE2
NCT02623764,218.0,
NCT00818662,390.0,PHASE3
NCT00608946,68.0,PHASE2
NCT06731842,100.0,
NCT01695889,877.0,
NCT01524887,508.0,PHASE3
NCT02224326,604.0,
NCT02360527,126.0,
NCT01357629,11.0,
NCT02501876,202.0,
NCT00948259,30.0,PHASE1;PHASE2
NCT01125683,40.0,PHASE2
NCT01736579,6.0,PHASE3
NCT00692705,13.0,PHASE1
NCT01117948,219.0,PHASE2
NCT02008513,194.0,PHASE2
NCT02245737,2218.0,PHASE2;PHASE3
NCT01225809,17.0,
NCT05020626,250.0,
NCT06889896,400.0,
NCT04309253,220.0,PHASE2
NCT06126224,400.0,PHASE3
NCT06887192,300.0,PHASE2
NCT05511363,380.0,PHASE3
NCT06540833,370.0,PHASE2
NCT05980949,800.0,PHASE3
NCT05531656,540.0,PHASE2
NCT05122598,200.0,PHASE2
NCT05161715,13.0,PHASE2
NCT04777396,1840.0,PHASE3
NCT04693520,84.0,PHASE2
NCT07033494,340.0,PHASE2
NCT02859207,32.0,PHASE1
NCT06304883,163.0,PHASE3
NCT04599764,60.0,
NCT04770220,325.0,PHASE3
NCT06565143,40.0,
NCT03887455,1906.0,PHASE3
NCT04573985,40.0,
NCT02260141,3.0,
NCT03119259,53.0,
NCT00099242,1040.0,PHASE3
NCT03890861,125.0,
NCT00997425,19.0,
NCT03661034,20.0,
NCT03556280,60.0,
NCT00259454,278.0,PHASE3
NCT05113732,64.0,
NCT00208819,50.0,PHASE4
NCT01438060,232.0,PHASE3
NCT03991195,90.0,
NCT00154635,80.0,PHASE2
NCT07154394,15.0,
NCT03622814,106.0,
NCT03846492,90.0,
NCT03721705,190.0,PHASE3
NCT03959124,30.0,
NCT00515333,323.0,PHASE2
NCT02322021,70.0,PHASE2
NCT03475316,25.0,
NCT03153371,180.0,
NCT02727699,185.0,PHASE2
NCT03246269,334.0,
NCT00505167,64.0,PHASE4
NCT03160027,20.0,
NCT03672266,100.0,
NCT03283449,70.0,PHASE1
NCT00954590,89.0,PHASE3
NCT04468659,1400.0,PHASE3
NCT06416072,1000.0,
NCT06828289,1000.0,
NCT06936514,45.0,
NCT06965816,85.0,
NCT06982170,50.0,
NCT07049341,100.0,
NCT07027072,114.0,PHASE2
NCT06871839,120.0,
NCT06717971,232.0,
NCT04983368,107.0,PHASE1;PHASE2
NCT07138677,40.0,
NCT06965062,10.0,
NCT00582855,54.0,PHASE2
NCT06058234,8680.0,
NCT01548287,164.0,PHASE2
NCT01013610,110.0,PHASE1
NCT01061489,65.0,
NCT00243451,34.0,
NCT05233774,50.0,PHASE2
NCT05417555,144.0,
NCT00706186,4.0,PHASE4
NCT03234686,81.0,PHASE2
NCT01482013,7.0,PHASE1
NCT05032482,0.0,
NCT03186989,46.0,PHASE1
NCT03752294,0.0,PHASE1
NCT05872243,45.0,
NCT01222351,161.0,
NCT03349320,37.0,
NCT04838301,200.0,PHASE2
NCT00064870,10000.0,
NCT01245530,280.0,PHASE3
NCT06898424,60.0,
NCT02087865,89.0,PHASE4
NCT02992132,111.0,PHASE2
NCT03118947,79.0,PHASE2
NCT06860035,150.0,
NCT01081743,270.0,
NCT06781645,46.0,
NCT06933849,1989.0,
NCT06644573,100.0,PHASE1
NCT06850870,120.0,PHASE1
NCT06956300,80.0,
NCT06956300,80.0,
NCT07142278,24.0,PHASE1
NCT00571064,97.0,PHASE4
NCT02667496,0.0,PHASE2
NCT01266525,291.0,PHASE2
NCT06495957,224.0,
NCT06651567,320.0,PHASE2
NCT03548584,345.0,PHASE3
NCT06495957,224.0,
NCT04748263,70.0,
NCT02759887,19.0,
NCT01585272,121.0,PHASE4
NCT02804789,2095.0,
NCT06523309,1000.0,
NCT03928405,32.0,
NCT01409564,46.0,PHASE4
NCT01002586,22.0,
NCT01195389,30.0,
NCT02190084,20.0,PHASE4
NCT01608217,50.0,PHASE2
NCT04812769,0.0,
NCT02959502,40.0,
NCT06534723,570.0,PHASE3
NCT06584357,1200.0,
NCT02289118,16.0,
NCT06182085,304.0,PHASE2
NCT02192554,450.0,
NCT02192554,450.0,
NCT01922258,270.0,PHASE3
NCT01862640,433.0,PHASE3
NCT06922188,2460.0,
NCT03613844,365.0,PHASE2
NCT02795052,500.0,
NCT04817891,15.0,
NCT06217237,400.0,
NCT05847153,13.0,
NCT04938648,138.0,
NCT05618834,120.0,
NCT06821568,128.0,
NCT04855643,3.0,
NCT05760521,336.0,
NCT00627848,20.0,
NCT01416012,31.0,
NCT02162251,3482.0,
NCT06831812,16.0,PHASE1
NCT04498650,259.0,PHASE2
NCT06709014,760.0,PHASE3
NCT04311281,0.0,
NCT06885567,90.0,PHASE2
NCT06731049,46.0,
NCT05924529,1098.0,
NCT03685240,460.0,
NCT02442778,522.0,PHASE3
NCT03814382,10.0,
NCT05462106,140.0,PHASE1;PHASE2
NCT04149197,252.0,
NCT06484426,46.0,
NCT00160147,60.0,PHASE3
NCT00866060,800.0,PHASE4
NCT05303701,750.0,PHASE3
NCT06996730,240.0,PHASE2;PHASE3
NCT03249688,93.0,
NCT07146412,200.0,
NCT06304129,189.0,
NCT03724942,164.0,PHASE3
NCT02168920,150.0,PHASE3
NCT03620981,410.0,PHASE2;PHASE3
NCT05281744,2160.0,
NCT02817906,177.0,PHASE3
NCT06216275,80.0,
NCT06451952,72.0,
NCT02886494,80.0,PHASE2
NCT07161089,30.0,
NCT03049501,244.0,
NCT05655195,50.0,
NCT00209456,326.0,PHASE3
NCT03090516,240.0,PHASE2;PHASE3
NCT05482867,45.0,
NCT02521818,38.0,
NCT04818255,88.0,
NCT04981587,64.0,
NCT05379023,66.0,
NCT05379023,66.0,
NCT05069155,240.0,
NCT05069155,240.0,
NCT03794141,333.0,
NCT06362824,130.0,
NCT04018092,168.0,PHASE2
NCT06976294,50.0,
NCT04742465,19.0,
NCT03638284,13.0,
NCT03847714,17.0,
NCT02013518,200.0,
NCT01887899,0.0,
NCT04100889,0.0,
NCT05637801,670.0,
NCT04100889,0.0,
NCT05637801,670.0,
NCT04100889,0.0,
NCT05637801,670.0,
NCT04100889,0.0,
NCT05637801,670.0,
NCT04100889,0.0,
NCT05637801,670.0,
NCT04100889,0.0,
NCT04100889,0.0,
NCT05637801,670.0,
NCT05808530,56.0,
NCT04100889,0.0,
NCT05637801,670.0,
NCT04100889,0.0,
NCT05637801,670.0,
NCT04100889,0.0,
NCT05637801,670.0,
NCT04100889,0.0,
NCT05637801,670.0,
NCT04100889,0.0,
NCT05637801,670.0,
NCT04100889,0.0,
NCT05637801,670.0,
NCT04100889,0.0,
NCT05637801,670.0,
NCT04100889,0.0,
NCT05637801,670.0,
NCT04100889,0.0,
NCT05637801,670.0,
NCT04100889,0.0,
NCT04009629,61.0,
NCT05591313,51.0,
NCT04049643,17.0,
NCT05847192,91.0,
NCT05847192,91.0,
NCT02913664,513.0,PHASE2;PHASE3
NCT00824967,306.0,
NCT03070535,78.0,
NCT04229927,712.0,PHASE3
NCT02549196,28.0,PHASE2
NCT00208819,50.0,PHASE4
NCT06785857,60.0,
NCT07093892,1000.0,
NCT06384573,65.0,PHASE3
NCT02007291,71.0,
NCT01876459,265.0,
NCT06715995,52.0,
NCT06803784,110.0,
NCT06706947,20.0,
NCT06597942,54.0,PHASE1;PHASE2
NCT01701089,17.0,PHASE1
NCT05637801,670.0,
NCT05637801,670.0,
NCT05015374,46.0,
NCT01622894,150.0,
NCT07059871,200.0,
NCT03297177,300.0,
NCT01745198,121.0,
NCT07157839,250.0,
NCT01954550,96.0,
NCT02293915,818.0,PHASE3
NCT04260724,32.0,
NCT03520998,47.0,PHASE2
NCT06898476,300.0,
NCT03653156,100000.0,
NCT03657732,40000.0,
NCT04413344,8.0,PHASE1;PHASE2
NCT03653156,100000.0,
NCT06980207,40.0,PHASE1
NCT06388551,60.0,PHASE1
NCT01661660,126.0,
NCT01661660,126.0,
NCT06230783,150.0,
NCT06230783,150.0,
NCT03959553,0.0,PHASE2
NCT00423228,228.0,
NCT02263235,89.0,
NCT05582941,48.0,
NCT06042413,1200.0,
NCT04935372,200.0,
NCT06868030,120.0,
NCT02103673,90.0,PHASE2
NCT04718207,25.0,
NCT04777409,1840.0,PHASE3
NCT02256306,18.0,
NCT02036645,77.0,PHASE1
NCT04321486,4309481.0,
NCT03330353,56.0,
NCT02187627,52.0,PHASE1
NCT03435705,240.0,
NCT05383027,30.0,
NCT02264899,332.0,
NCT03286608,1329.0,
NCT01834716,16.0,
NCT06894953,40.0,
NCT03098459,432.0,
NCT05479552,80.0,
NCT06850597,30.0,PHASE2
NCT03765762,26.0,PHASE2
NCT06189963,36.0,PHASE1;PHASE2
NCT03055741,180.0,PHASE2
NCT00711204,0.0,PHASE4
NCT02702817,200.0,PHASE2
NCT02702817,200.0,PHASE2
NCT02707458,23.0,PHASE1;PHASE2
NCT03548883,14.0,
NCT06372821,10.0,PHASE1
NCT06372821,10.0,PHASE1
NCT06372821,10.0,PHASE1
NCT06597942,54.0,PHASE1;PHASE2
NCT06597942,54.0,PHASE1;PHASE2
NCT06597942,54.0,PHASE1;PHASE2
NCT06597942,54.0,PHASE1;PHASE2
NCT06745583,15.0,PHASE2
NCT06918145,80.0,
NCT06147999,80.0,
NCT06847321,300.0,PHASE2
NCT05440110,20.0,
NCT06755476,80.0,
NCT06960915,50.0,
NCT02249468,191.0,
NCT05015803,60.0,PHASE2;PHASE3
NCT06835283,20.0,
NCT03462121,83.0,PHASE2
NCT01723553,27.0,PHASE1
NCT00012857,66.0,PHASE2
NCT06965062,10.0,
NCT06059313,120.0,
NCT04289402,11.0,
NCT05557409,408.0,PHASE3
NCT06511752,120.0,EARLY_PHASE1
NCT07012993,200.0,PHASE2
